_prepare,_run,answer,auto_log,background,bidi,break_if,c_target,cal_beep,cal_target_size,canvas_backend,column_order,compensation,coordinates,count_experiment,count_eyelink_calibrate,count_eyelink_drift_correct,count_eyelink_start_recording,count_eyelink_stop_recording,count_feedback,count_getting_started,count_instructions,count_instructions2,count_logger,count_practice_block,count_practice_loop,count_practice_sequence,count_record_times,count_reset_feedback,count_script,count_setup,count_trial_sequence,count_welcome,cycles,description,duration,fix_to_stim,flush_keyboard,font_bold,font_family,font_italic,font_size,force_drift_correct,foreground,height,high_location,ignore_missing,item,keyboard_backend,log_msg,low_location,mode,mouse_backend,not_fixated,note,order,repeat,repeat_cycle,reset_variables,response,response_feedback,response_instructions,response_instructions2,response_key,response_time,response_time_feedback,response_time_instructions,response_time_instructions2,response_time_welcome,response_welcome,rt,sacc_acc_thresh,sacc_vel_thresh,sampler_backend,start,start_response_interval,subject_nr,subject_parity,synth_backend,target_correct,target_duration,target_position,time_experiment,time_eyelink_calibrate,time_eyelink_drift_correct,time_eyelink_start_recording,time_eyelink_stop_recording,time_feedback,time_getting_started,time_instructions,time_instructions2,time_logger,time_practice_block,time_practice_loop,time_practice_sequence,time_record_times,time_reset_feedback,time_script,time_setup,time_trial_sequence,time_welcome,title,tracker_attached,transparent_variables,use_quotes,width,xpos,ypos
"NA","NA","left","yes","#646464","no","NA","left","NA","NA","legacy","NA","0","relative","0","0","0","0","0","NA","NA","0","0","0","0","0","0","0","0","0","0","0","NA","NA","Logs experimental data","NA","690","NA","no","mono","no","18","NA","white","1050","north_east","yes","NA","legacy","NA","south_west","NA","legacy","0","NA","NA","NA","0","NA","left","NA","right","space","left","45078","NA","59606","45078","NA","NA","789","NA","NA","legacy","experiment","None","2","even","legacy","1","200","north_west","1977","1978","166404","172099","174409","NA","NA","61619","121226","174937","166306","166304","166306","174937","166306","172234","1978","166404","NA","New experiment","NA","no","yes","1680","NA","NA"
"NA","NA","left","yes","#646464","no","NA","left","NA","NA","legacy","NA","0","relative","0","0","1","1","1","NA","NA","0","0","1","0","0","0","1","0","1","0","1","NA","NA","Logs experimental data","NA","595","NA","no","mono","no","18","NA","white","1050","north_east","yes","NA","legacy","NA","south_west","NA","legacy","0","NA","NA","NA","0","NA","left","NA","right","space","left","45078","NA","59606","45078","NA","NA","565","NA","NA","legacy","experiment","None","2","even","legacy","1","200","north_east","1977","1978","174980","177514","179408","NA","NA","61619","121226","179939","166306","166304","166306","179939","166306","177648","1978","174980","NA","New experiment","NA","no","yes","1680","NA","NA"
"NA","NA","right","yes","#646464","no","NA","right","NA","NA","legacy","NA","0","relative","0","0","2","2","2","NA","NA","0","0","2","0","0","0","2","0","2","0","2","NA","NA","Logs experimental data","NA","670","NA","no","mono","no","18","NA","white","1050","north_east","yes","NA","legacy","NA","south_west","NA","legacy","0","NA","NA","NA","0","NA","right","NA","right","space","right","45078","NA","59606","45078","NA","NA","752","NA","NA","legacy","experiment","None","2","even","legacy","1","200","south_west","1977","1978","179975","182297","184528","NA","NA","61619","121226","185054","166306","166304","166306","185054","166306","182430","1978","179975","NA","New experiment","NA","no","yes","1680","NA","NA"
"NA","NA","left","yes","#646464","no","NA","left","NA","NA","legacy","NA","0","relative","0","0","3","3","3","NA","NA","0","0","3","0","0","0","3","0","3","0","3","NA","NA","Logs experimental data","NA","742","NA","no","mono","no","18","NA","white","1050","north_east","yes","NA","legacy","NA","south_west","NA","legacy","0","NA","NA","NA","0","NA","left","NA","right","space","left","45078","NA","59606","45078","NA","NA","699","NA","NA","legacy","experiment","None","2","even","legacy","1","200","south_west","1977","1978","185089","189483","191801","NA","NA","61619","121226","192320","166306","166304","166306","192319","166306","189612","1978","185089","NA","New experiment","NA","no","yes","1680","NA","NA"
"NA","NA","right","yes","#646464","no","NA","right","NA","NA","legacy","NA","0","relative","0","0","4","4","4","NA","NA","0","0","4","0","0","0","4","0","4","0","4","NA","NA","Logs experimental data","NA","368","NA","no","mono","no","18","NA","white","1050","north_east","yes","NA","legacy","NA","south_west","NA","legacy","0","NA","NA","NA","0","NA","right","NA","right","space","right","45078","NA","59606","45078","NA","NA","601","NA","NA","legacy","experiment","None","2","even","legacy","1","200","north_east","1977","1978","192355","196282","197768","NA","NA","61619","121226","198286","166306","166304","166306","198286","166306","196425","1978","192355","NA","New experiment","NA","no","yes","1680","NA","NA"
"NA","NA","right","yes","#646464","no","NA","right","NA","NA","legacy","NA","0","relative","0","0","5","5","5","NA","NA","0","0","5","0","0","0","5","0","5","0","5","NA","NA","Logs experimental data","NA","618","NA","no","mono","no","18","NA","white","1050","north_east","yes","NA","legacy","NA","south_west","NA","legacy","0","NA","NA","NA","0","NA","right","NA","right","space","right","45078","NA","59606","45078","NA","NA","556","NA","NA","legacy","experiment","None","2","even","legacy","1","200","south_east","1977","1978","198322","201001","202929","NA","NA","61619","121226","203468","166306","166304","166306","203468","166306","201131","1978","198322","NA","New experiment","NA","no","yes","1680","NA","NA"
"NA","NA","right","yes","#646464","no","NA","right","NA","NA","legacy","NA","0","relative","0","0","6","6","6","NA","NA","0","0","6","0","0","0","6","0","6","0","6","NA","NA","Logs experimental data","NA","419","NA","no","mono","no","18","NA","white","1050","north_east","yes","NA","legacy","NA","south_west","NA","legacy","0","NA","NA","NA","0","NA","right","NA","right","space","right","45078","NA","59606","45078","NA","NA","587","NA","NA","legacy","experiment","None","2","even","legacy","1","200","north_west","1977","1978","203505","205098","206664","NA","NA","61619","121226","207182","166306","166304","166306","207182","166306","205234","1978","203504","NA","New experiment","NA","no","yes","1680","NA","NA"
"NA","NA","left","yes","#646464","no","NA","left","NA","NA","legacy","NA","0","relative","0","0","7","7","7","NA","NA","0","0","7","0","0","0","7","0","7","0","7","NA","NA","Logs experimental data","NA","244","NA","no","mono","no","18","NA","white","1050","north_east","yes","NA","legacy","NA","south_west","NA","legacy","0","NA","NA","NA","0","NA","left","NA","right","space","left","45078","NA","59606","45078","NA","NA","544","NA","NA","legacy","experiment","None","2","even","legacy","1","200","north_west","1977","1978","207219","211548","212720","NA","NA","61619","121226","213246","166306","166304","166306","213246","166306","211683","1978","207219","NA","New experiment","NA","no","yes","1680","NA","NA"
"NA","NA","right","yes","#646464","no","NA","right","NA","NA","legacy","NA","0","relative","0","0","8","8","8","NA","NA","0","0","8","0","0","0","8","0","8","0","8","NA","NA","Logs experimental data","NA","793","NA","no","mono","no","18","NA","white","1050","north_east","yes","NA","legacy","NA","south_west","NA","legacy","0","NA","NA","NA","0","NA","right","NA","right","space","right","45078","NA","59606","45078","NA","NA","569","NA","NA","legacy","experiment","None","2","even","legacy","1","200","south_west","1977","1978","213283","215393","217688","NA","NA","61619","121226","218205","166306","166304","166306","218205","166306","215527","1978","213283","NA","New experiment","NA","no","yes","1680","NA","NA"
"NA","NA","right","yes","#646464","no","NA","right","NA","NA","legacy","NA","0","relative","0","0","9","9","9","NA","NA","0","0","9","0","0","0","9","0","9","0","9","NA","NA","Logs experimental data","NA","238","NA","no","mono","no","18","NA","white","1050","north_east","yes","NA","legacy","NA","south_west","NA","legacy","0","NA","NA","NA","0","NA","right","NA","right","space","right","45078","NA","59606","45078","NA","NA","643","NA","NA","legacy","experiment","None","2","even","legacy","1","200","south_west","1977","1978","218241","220570","221824","NA","NA","61619","121226","222351","166306","166304","166306","222351","166306","220700","1978","218241","NA","New experiment","NA","no","yes","1680","NA","NA"
"NA","NA","right","yes","#646464","no","NA","right","NA","NA","legacy","NA","0","relative","0","0","10","10","10","NA","NA","0","0","10","0","0","0","10","0","10","0","10","NA","NA","Logs experimental data","NA","200","NA","no","mono","no","18","NA","white","1050","north_east","yes","NA","legacy","NA","south_west","NA","legacy","0","NA","NA","NA","0","NA","right","NA","right","space","right","45078","NA","59606","45078","NA","NA","615","NA","NA","legacy","experiment","None","2","even","legacy","1","200","north_east","1977","1978","222387","224314","225464","NA","NA","61619","121226","225994","166306","166304","166306","225994","166306","224444","1978","222387","NA","New experiment","NA","no","yes","1680","NA","NA"
"NA","NA","right","yes","#646464","no","NA","right","NA","NA","legacy","NA","0","relative","0","0","11","11","11","NA","NA","0","0","11","0","0","0","11","0","11","0","11","NA","NA","Logs experimental data","NA","661","NA","no","mono","no","18","NA","white","1050","north_east","yes","NA","legacy","NA","south_west","NA","legacy","0","NA","NA","NA","0","NA","right","NA","right","space","right","45078","NA","59606","45078","NA","NA","665","NA","NA","legacy","experiment","None","2","even","legacy","1","200","south_west","1977","1978","226031","228058","230184","NA","NA","61619","121226","230713","166306","166304","166306","230713","166306","228194","1978","226031","NA","New experiment","NA","no","yes","1680","NA","NA"
"NA","NA","left","yes","#646464","no","NA","left","NA","NA","legacy","NA","0","relative","0","0","12","12","12","NA","NA","0","0","12","0","0","0","12","0","12","0","12","NA","NA","Logs experimental data","NA","477","NA","no","mono","no","18","NA","white","1050","north_east","yes","NA","legacy","NA","south_west","NA","legacy","0","NA","NA","NA","0","NA","left","NA","right","space","left","45078","NA","59606","45078","NA","NA","672","NA","NA","legacy","experiment","None","2","even","legacy","1","200","south_east","1977","1978","230749","234681","236448","NA","NA","61619","121226","236977","166306","166304","166306","236977","166306","234816","1978","230749","NA","New experiment","NA","no","yes","1680","NA","NA"
"NA","NA","right","yes","#646464","no","NA","right","NA","NA","legacy","NA","0","relative","0","0","13","13","13","NA","NA","0","0","13","0","0","0","13","0","13","0","13","NA","NA","Logs experimental data","NA","785","NA","no","mono","no","18","NA","white","1050","north_east","yes","NA","legacy","NA","south_west","NA","legacy","0","NA","NA","NA","0","NA","right","NA","right","space","right","45078","NA","59606","45078","NA","NA","685","NA","NA","legacy","experiment","None","2","even","legacy","1","200","north_west","1977","1978","237013","239818","242208","NA","NA","61619","121226","242740","166306","166304","166306","242740","166306","239948","1978","237013","NA","New experiment","NA","no","yes","1680","NA","NA"
"NA","NA","right","yes","#646464","no","NA","right","NA","NA","legacy","NA","0","relative","0","0","14","14","14","NA","NA","0","0","14","0","0","0","14","0","14","0","14","NA","NA","Logs experimental data","NA","767","NA","no","mono","no","18","NA","white","1050","north_east","yes","NA","legacy","NA","south_west","NA","legacy","0","NA","NA","NA","0","NA","right","NA","right","space","right","45078","NA","59606","45078","NA","NA","524","NA","NA","legacy","experiment","None","2","even","legacy","1","200","south_west","1977","1978","242776","244954","247152","NA","NA","61619","121226","247679","166306","166304","166306","247679","166306","245087","1978","242776","NA","New experiment","NA","no","yes","1680","NA","NA"
"NA","NA","right","yes","#646464","no","NA","right","NA","NA","legacy","NA","0","relative","0","0","15","15","15","NA","NA","0","0","15","0","0","0","15","0","15","0","15","NA","NA","Logs experimental data","NA","698","NA","no","mono","no","18","NA","white","1050","north_east","yes","NA","legacy","NA","south_west","NA","legacy","0","NA","NA","NA","0","NA","right","NA","right","space","right","45078","NA","59606","45078","NA","NA","526","NA","NA","legacy","experiment","None","2","even","legacy","1","200","north_east","1977","1978","247714","249873","251936","NA","NA","61619","121226","252463","166306","166304","166306","252463","166306","250008","1978","247714","NA","New experiment","NA","no","yes","1680","NA","NA"
"NA","NA","left","yes","#646464","no","NA","left","NA","NA","legacy","NA","0","relative","0","0","16","16","16","NA","NA","0","0","16","0","0","0","16","0","16","0","16","NA","NA","Logs experimental data","NA","611","NA","no","mono","no","18","NA","white","1050","north_east","yes","NA","legacy","NA","south_west","NA","legacy","0","NA","NA","NA","0","NA","left","NA","right","space","left","45078","NA","59606","45078","NA","NA","599","NA","NA","legacy","experiment","None","2","even","legacy","1","200","north_west","1977","1978","252498","253601","255560","NA","NA","61619","121226","256091","166306","166304","166306","256091","166306","253734","1978","252498","NA","New experiment","NA","no","yes","1680","NA","NA"
"NA","NA","left","yes","#646464","no","NA","left","NA","NA","legacy","NA","0","relative","0","0","17","17","17","NA","NA","0","0","17","0","0","0","17","0","17","0","17","NA","NA","Logs experimental data","NA","649","NA","no","mono","no","18","NA","white","1050","north_east","yes","NA","legacy","NA","south_west","NA","legacy","0","NA","NA","NA","0","NA","left","NA","right","space","left","45078","NA","59606","45078","NA","NA","554","NA","NA","legacy","experiment","None","2","even","legacy","1","200","north_east","1977","1978","256126","257482","259472","NA","NA","61619","121226","260003","166306","166304","166306","260003","166306","257615","1978","256126","NA","New experiment","NA","no","yes","1680","NA","NA"
"NA","NA","left","yes","#646464","no","NA","left","NA","NA","legacy","NA","0","relative","0","0","18","18","18","NA","NA","0","0","18","0","0","0","18","0","18","0","18","NA","NA","Logs experimental data","NA","294","NA","no","mono","no","18","NA","white","1050","north_east","yes","NA","legacy","NA","south_west","NA","legacy","0","NA","NA","NA","0","NA","left","NA","right","space","left","45078","NA","59606","45078","NA","NA","462","NA","NA","legacy","experiment","None","2","even","legacy","1","200","north_east","1977","1978","260038","262449","263640","NA","NA","61619","121226","264170","166306","166304","166306","264170","166306","262583","1978","260038","NA","New experiment","NA","no","yes","1680","NA","NA"
"NA","NA","left","yes","#646464","no","NA","left","NA","NA","legacy","NA","0","relative","0","0","19","19","19","NA","NA","0","0","19","0","0","0","19","0","19","0","19","NA","NA","Logs experimental data","NA","320","NA","no","mono","no","18","NA","white","1050","north_east","yes","NA","legacy","NA","south_west","NA","legacy","0","NA","NA","NA","0","NA","left","NA","right","space","left","45078","NA","59606","45078","NA","NA","528","NA","NA","legacy","experiment","None","2","even","legacy","1","200","north_east","1977","1978","264205","266090","267408","NA","NA","61619","121226","267935","166306","166304","166306","267935","166306","266233","1978","264205","NA","New experiment","NA","no","yes","1680","NA","NA"
"NA","NA","right","yes","#646464","no","NA","right","NA","NA","legacy","NA","0","relative","0","0","20","20","20","NA","NA","0","0","20","0","0","0","20","0","20","0","20","NA","NA","Logs experimental data","NA","312","NA","no","mono","no","18","NA","white","1050","north_east","yes","NA","legacy","NA","south_west","NA","legacy","0","NA","NA","NA","0","NA","right","NA","right","space","right","45078","NA","59606","45078","NA","NA","450","NA","NA","legacy","experiment","None","2","even","legacy","1","200","north_east","1977","1978","267972","270970","272183","NA","NA","61619","121226","272704","166306","166304","166306","272703","166306","271104","1978","267971","NA","New experiment","NA","no","yes","1680","NA","NA"
"NA","NA","right","yes","#646464","no","NA","right","NA","NA","legacy","NA","0","relative","0","0","21","21","21","NA","NA","0","0","21","0","0","0","21","0","21","0","21","NA","NA","Logs experimental data","NA","441","NA","no","mono","no","18","NA","white","1050","north_east","yes","NA","legacy","NA","south_west","NA","legacy","0","NA","NA","NA","0","NA","right","NA","right","space","right","45078","NA","59606","45078","NA","NA","588","NA","NA","legacy","experiment","None","2","even","legacy","1","200","north_west","1977","1978","272740","274490","276096","NA","NA","61619","121226","276622","166306","166304","166306","276622","166306","274620","1978","272740","NA","New experiment","NA","no","yes","1680","NA","NA"
"NA","NA","left","yes","#646464","no","NA","left","NA","NA","legacy","NA","0","relative","0","0","22","22","22","NA","NA","0","0","22","0","0","0","22","0","22","0","22","NA","NA","Logs experimental data","NA","618","NA","no","mono","no","18","NA","white","1050","north_east","yes","NA","legacy","NA","south_west","NA","legacy","0","NA","NA","NA","0","NA","left","NA","right","space","left","45078","NA","59606","45078","NA","NA","638","NA","NA","legacy","experiment","None","2","even","legacy","1","200","south_east","1977","1978","276658","278866","280880","NA","NA","61619","121226","281411","166306","166304","166306","281411","166306","279000","1978","276658","NA","New experiment","NA","no","yes","1680","NA","NA"
"NA","NA","right","yes","#646464","no","NA","right","NA","NA","legacy","NA","0","relative","0","0","23","23","23","NA","NA","0","0","23","0","0","0","23","0","23","0","23","NA","NA","Logs experimental data","NA","220","NA","no","mono","no","18","NA","white","1050","north_east","yes","NA","legacy","NA","south_west","NA","legacy","0","NA","NA","NA","0","NA","right","NA","right","space","right","45078","NA","59606","45078","NA","NA","643","NA","NA","legacy","experiment","None","2","even","legacy","1","200","south_west","1977","1978","281447","283506","284727","NA","NA","61619","121226","285257","166306","166304","166306","285257","166306","283639","1978","281447","NA","New experiment","NA","no","yes","1680","NA","NA"
"NA","NA","right","yes","#646464","no","NA","right","NA","NA","legacy","NA","0","relative","0","0","24","24","24","NA","NA","0","0","24","0","0","0","24","0","24","0","24","NA","NA","Logs experimental data","NA","429","NA","no","mono","no","18","NA","white","1050","north_east","yes","NA","legacy","NA","south_west","NA","legacy","0","NA","NA","NA","0","NA","right","NA","right","space","right","45078","NA","59606","45078","NA","NA","540","NA","NA","legacy","experiment","None","2","even","legacy","1","200","south_west","1977","1978","285293","286970","288503","NA","NA","61619","121226","289032","166306","166304","166306","289032","166306","287099","1978","285293","NA","New experiment","NA","no","yes","1680","NA","NA"
"NA","NA","left","yes","#646464","no","NA","left","NA","NA","legacy","NA","0","relative","0","0","25","25","25","NA","NA","0","0","25","0","0","0","25","0","25","0","25","NA","NA","Logs experimental data","NA","216","NA","no","mono","no","18","NA","white","1050","north_east","yes","NA","legacy","NA","south_west","NA","legacy","0","NA","NA","NA","0","NA","left","NA","right","space","left","45078","NA","59606","45078","NA","NA","579","NA","NA","legacy","experiment","None","2","even","legacy","1","200","north_west","1977","1978","289068","290859","292008","NA","NA","61619","121226","292528","166306","166304","166306","292528","166306","290992","1978","289068","NA","New experiment","NA","no","yes","1680","NA","NA"
"NA","NA","right","yes","#646464","no","NA","right","NA","NA","legacy","NA","0","relative","0","0","26","26","26","NA","NA","0","0","26","0","0","0","26","0","26","0","26","NA","NA","Logs experimental data","NA","666","NA","no","mono","no","18","NA","white","1050","north_east","yes","NA","legacy","NA","south_west","NA","legacy","0","NA","NA","NA","0","NA","right","NA","right","space","right","45078","NA","59606","45078","NA","NA","542","NA","NA","legacy","experiment","None","2","even","legacy","1","200","south_east","1977","1978","292564","294491","296504","NA","NA","61619","121226","297037","166306","166304","166306","297037","166306","294624","1978","292564","NA","New experiment","NA","no","yes","1680","NA","NA"
"NA","NA","left","yes","#646464","no","NA","left","NA","NA","legacy","NA","0","relative","0","0","27","27","27","NA","NA","0","0","27","0","0","0","27","0","27","0","27","NA","NA","Logs experimental data","NA","382","NA","no","mono","no","18","NA","white","1050","north_east","yes","NA","legacy","NA","south_west","NA","legacy","0","NA","NA","NA","0","NA","left","NA","right","space","left","45078","NA","59606","45078","NA","NA","550","NA","NA","legacy","experiment","None","2","even","legacy","1","200","south_west","1977","1978","297073","299707","301159","NA","NA","61619","121226","301690","166306","166304","166306","301690","166306","299841","1978","297073","NA","New experiment","NA","no","yes","1680","NA","NA"
"NA","NA","left","yes","#646464","no","NA","left","NA","NA","legacy","NA","0","relative","0","0","28","28","28","NA","NA","0","0","28","0","0","0","28","0","28","0","28","NA","NA","Logs experimental data","NA","711","NA","no","mono","no","18","NA","white","1050","north_east","yes","NA","legacy","NA","south_west","NA","legacy","0","NA","NA","NA","0","NA","left","NA","right","space","left","45078","NA","59606","45078","NA","NA","547","NA","NA","legacy","experiment","None","2","even","legacy","1","200","north_west","1977","1978","301726","303794","305903","NA","NA","61619","121226","306433","166306","166304","166306","306433","166306","303929","1978","301726","NA","New experiment","NA","no","yes","1680","NA","NA"
"NA","NA","left","yes","#646464","no","NA","left","NA","NA","legacy","NA","0","relative","0","0","29","29","29","NA","NA","0","0","29","0","0","0","29","0","29","0","29","NA","NA","Logs experimental data","NA","592","NA","no","mono","no","18","NA","white","1050","north_east","yes","NA","legacy","NA","south_west","NA","legacy","0","NA","NA","NA","0","NA","left","NA","right","space","left","45078","NA","59606","45078","NA","NA","561","NA","NA","legacy","experiment","None","2","even","legacy","1","200","south_west","1977","1978","306469","308610","310496","NA","NA","61619","121226","311026","166306","166304","166306","311026","166306","308744","1978","306469","NA","New experiment","NA","no","yes","1680","NA","NA"
"NA","NA","right","yes","#646464","no","NA","right","NA","NA","legacy","NA","0","relative","0","0","30","30","30","NA","NA","0","0","30","0","0","0","30","0","30","0","30","NA","NA","Logs experimental data","NA","549","NA","no","mono","no","18","NA","white","1050","north_east","yes","NA","legacy","NA","south_west","NA","legacy","0","NA","NA","NA","0","NA","right","NA","right","space","right","45078","NA","59606","45078","NA","NA","590","NA","NA","legacy","experiment","None","2","even","legacy","1","200","north_west","1977","1978","311061","312315","314144","NA","NA","61619","121226","314675","166306","166304","166306","314675","166306","312450","1978","311061","NA","New experiment","NA","no","yes","1680","NA","NA"
"NA","NA","left","yes","#646464","no","NA","left","NA","NA","legacy","NA","0","relative","0","0","31","31","31","NA","NA","0","0","31","0","0","0","31","0","31","0","31","NA","NA","Logs experimental data","NA","757","NA","no","mono","no","18","NA","white","1050","north_east","yes","NA","legacy","NA","south_west","NA","legacy","0","NA","NA","NA","0","NA","left","NA","right","space","left","45078","NA","59606","45078","NA","NA","544","NA","NA","legacy","experiment","None","2","even","legacy","1","200","north_west","1977","1978","314712","315985","318183","NA","NA","61619","121226","318717","166306","166304","166306","318717","166306","316119","1978","314712","NA","New experiment","NA","no","yes","1680","NA","NA"
"NA","NA","left","yes","#646464","no","NA","left","NA","NA","legacy","NA","0","relative","0","0","32","32","32","NA","NA","0","0","32","0","0","0","32","0","32","0","32","NA","NA","Logs experimental data","NA","522","NA","no","mono","no","18","NA","white","1050","north_east","yes","NA","legacy","NA","south_west","NA","legacy","0","NA","NA","NA","0","NA","left","NA","right","space","left","45078","NA","59606","45078","NA","NA","568","NA","NA","legacy","experiment","None","2","even","legacy","1","200","north_east","1977","1978","318752","320065","321815","NA","NA","61619","121226","322336","166306","166304","166306","322336","166306","320198","1978","318752","NA","New experiment","NA","no","yes","1680","NA","NA"
"NA","NA","left","yes","#646464","no","NA","left","NA","NA","legacy","NA","0","relative","0","0","33","33","33","NA","NA","0","0","33","0","0","0","33","0","33","0","33","NA","NA","Logs experimental data","NA","353","NA","no","mono","no","18","NA","white","1050","north_east","yes","NA","legacy","NA","south_west","NA","legacy","0","NA","NA","NA","0","NA","left","NA","right","space","left","45078","NA","59606","45078","NA","NA","497","NA","NA","legacy","experiment","None","2","even","legacy","1","200","south_east","1977","1978","322371","324762","326104","NA","NA","61619","121226","326638","166306","166304","166306","326638","166306","324895","1978","322371","NA","New experiment","NA","no","yes","1680","NA","NA"
"NA","NA","right","yes","#646464","no","NA","right","NA","NA","legacy","NA","0","relative","0","0","34","34","34","NA","NA","0","0","34","0","0","0","34","0","34","0","34","NA","NA","Logs experimental data","NA","284","NA","no","mono","no","18","NA","white","1050","north_east","yes","NA","legacy","NA","south_west","NA","legacy","0","NA","NA","NA","0","NA","right","NA","right","space","right","45078","NA","59606","45078","NA","NA","554","NA","NA","legacy","experiment","None","2","even","legacy","1","200","south_west","1977","1978","326673","328011","329272","NA","NA","61619","121226","329804","166306","166304","166306","329804","166306","328146","1978","326673","NA","New experiment","NA","no","yes","1680","NA","NA"
"NA","NA","left","yes","#646464","no","NA","left","NA","NA","legacy","NA","0","relative","0","0","35","35","35","NA","NA","0","0","35","0","0","0","35","0","35","0","35","NA","NA","Logs experimental data","NA","452","NA","no","mono","no","18","NA","white","1050","north_east","yes","NA","legacy","NA","south_west","NA","legacy","0","NA","NA","NA","0","NA","left","NA","right","space","left","45078","NA","59606","45078","NA","NA","519","NA","NA","legacy","experiment","None","2","even","legacy","1","200","south_east","1977","1978","329840","331467","333031","NA","NA","61619","121226","333552","166306","166304","166306","333552","166306","331602","1978","329839","NA","New experiment","NA","no","yes","1680","NA","NA"
"NA","NA","right","yes","#646464","no","NA","right","NA","NA","legacy","NA","0","relative","0","0","36","36","36","NA","NA","0","0","36","0","0","0","36","0","36","0","36","NA","NA","Logs experimental data","NA","389","NA","no","mono","no","18","NA","white","1050","north_east","yes","NA","legacy","NA","south_west","NA","legacy","0","NA","NA","NA","0","NA","right","NA","right","space","right","45078","NA","59606","45078","NA","NA","430","NA","NA","legacy","experiment","None","2","even","legacy","1","200","north_east","1977","1978","333587","335978","337327","NA","NA","61619","121226","337859","166306","166304","166306","337859","166306","336113","1978","333587","NA","New experiment","NA","no","yes","1680","NA","NA"
"NA","NA","left","yes","#646464","no","NA","left","NA","NA","legacy","NA","0","relative","0","0","37","37","37","NA","NA","0","0","37","0","0","0","37","0","37","0","37","NA","NA","Logs experimental data","NA","644","NA","no","mono","no","18","NA","white","1050","north_east","yes","NA","legacy","NA","south_west","NA","legacy","0","NA","NA","NA","0","NA","left","NA","right","space","left","45078","NA","59606","45078","NA","NA","447","NA","NA","legacy","experiment","None","2","even","legacy","1","200","north_east","1977","1978","337895","338923","340807","NA","NA","61619","121226","341338","166306","166304","166306","341338","166306","339066","1978","337894","NA","New experiment","NA","no","yes","1680","NA","NA"
"NA","NA","left","yes","#646464","no","NA","left","NA","NA","legacy","NA","0","relative","0","0","38","38","38","NA","NA","0","0","38","0","0","0","38","0","38","0","38","NA","NA","Logs experimental data","NA","219","NA","no","mono","no","18","NA","white","1050","north_east","yes","NA","legacy","NA","south_west","NA","legacy","0","NA","NA","NA","0","NA","left","NA","right","space","left","45078","NA","59606","45078","NA","NA","620","NA","NA","legacy","experiment","None","2","even","legacy","1","200","south_east","1977","1978","341373","342314","343512","NA","NA","61619","121226","344043","166306","166304","166306","344043","166306","342447","1978","341373","NA","New experiment","NA","no","yes","1680","NA","NA"
"NA","NA","right","yes","#646464","no","NA","right","NA","NA","legacy","NA","0","relative","0","0","39","39","39","NA","NA","0","0","39","0","0","0","39","0","39","0","39","NA","NA","Logs experimental data","NA","778","NA","no","mono","no","18","NA","white","1050","north_east","yes","NA","legacy","NA","south_west","NA","legacy","0","NA","NA","NA","0","NA","right","NA","right","space","right","45078","NA","59606","45078","NA","NA","491","NA","NA","legacy","experiment","None","2","even","legacy","1","200","south_east","1977","1978","344079","345115","347303","NA","NA","61619","121226","347835","166306","166304","166306","347835","166306","345250","1978","344079","NA","New experiment","NA","no","yes","1680","NA","NA"
"NA","NA","left","yes","#646464","no","NA","left","NA","NA","legacy","NA","0","relative","0","0","40","40","40","NA","NA","0","0","40","0","0","0","40","0","40","0","40","NA","NA","Logs experimental data","NA","516","NA","no","mono","no","18","NA","white","1050","north_east","yes","NA","legacy","NA","south_west","NA","legacy","0","NA","NA","NA","0","NA","left","NA","right","space","left","45078","NA","59606","45078","NA","NA","470","NA","NA","legacy","experiment","None","2","even","legacy","1","200","south_east","1977","1978","347870","348798","350439","NA","NA","61619","121226","350970","166306","166304","166306","350969","166306","348932","1978","347870","NA","New experiment","NA","no","yes","1680","NA","NA"
"NA","NA","left","yes","#646464","no","NA","left","NA","NA","legacy","NA","0","relative","0","0","41","41","41","NA","NA","0","0","41","0","0","0","41","0","41","0","41","NA","NA","Logs experimental data","NA","493","NA","no","mono","no","18","NA","white","1050","north_east","yes","NA","legacy","NA","south_west","NA","legacy","0","NA","NA","NA","0","NA","left","NA","right","space","left","45078","NA","59606","45078","NA","NA","547","NA","NA","legacy","experiment","None","2","even","legacy","1","200","south_west","1977","1978","351005","352401","354071","NA","NA","61619","121226","354602","166306","166304","166306","354602","166306","352535","1978","351005","NA","New experiment","NA","no","yes","1680","NA","NA"
"NA","NA","left","yes","#646464","no","NA","left","NA","NA","legacy","NA","0","relative","0","0","42","42","42","NA","NA","0","0","42","0","0","0","42","0","42","0","42","NA","NA","Logs experimental data","NA","445","NA","no","mono","no","18","NA","white","1050","north_east","yes","NA","legacy","NA","south_west","NA","legacy","0","NA","NA","NA","0","NA","left","NA","right","space","left","45078","NA","59606","45078","NA","NA","709","NA","NA","legacy","experiment","None","2","even","legacy","1","200","north_east","1977","1978","354639","356410","358151","NA","NA","61619","121226","358682","166306","166304","166306","358682","166306","356546","1978","354639","NA","New experiment","NA","no","yes","1680","NA","NA"
"NA","NA","right","yes","#646464","no","NA","right","NA","NA","legacy","NA","0","relative","0","0","43","43","43","NA","NA","0","0","43","0","0","0","43","0","43","0","43","NA","NA","Logs experimental data","NA","363","NA","no","mono","no","18","NA","white","1050","north_east","yes","NA","legacy","NA","south_west","NA","legacy","0","NA","NA","NA","0","NA","right","NA","right","space","right","45078","NA","59606","45078","NA","NA","786","NA","NA","legacy","experiment","None","2","even","legacy","1","200","south_west","1977","1978","358719","359633","361304","NA","NA","61619","121226","361833","166306","166304","166306","361833","166306","359786","1978","358719","NA","New experiment","NA","no","yes","1680","NA","NA"
"NA","NA","left","yes","#646464","no","NA","left","NA","NA","legacy","NA","0","relative","0","0","44","44","44","NA","NA","0","0","44","0","0","0","44","0","44","0","44","NA","NA","Logs experimental data","NA","587","NA","no","mono","no","18","NA","white","1050","north_east","yes","NA","legacy","NA","south_west","NA","legacy","0","NA","NA","NA","0","NA","left","NA","right","space","left","45078","NA","59606","45078","NA","NA","555","NA","NA","legacy","experiment","None","2","even","legacy","1","200","south_west","1977","1978","361870","364395","366263","NA","NA","61619","121226","366793","166306","166304","166306","366793","166306","364529","1978","361870","NA","New experiment","NA","no","yes","1680","NA","NA"
"NA","NA","right","yes","#646464","no","NA","right","NA","NA","legacy","NA","0","relative","0","0","45","45","45","NA","NA","0","0","45","0","0","0","45","0","45","0","45","NA","NA","Logs experimental data","NA","452","NA","no","mono","no","18","NA","white","1050","north_east","yes","NA","legacy","NA","south_west","NA","legacy","0","NA","NA","NA","0","NA","right","NA","right","space","right","45078","NA","59606","45078","NA","NA","508","NA","NA","legacy","experiment","None","2","even","legacy","1","200","north_east","1977","1978","366829","367756","369303","NA","NA","61619","121226","369824","166306","166304","166306","369824","166306","367885","1978","366829","NA","New experiment","NA","no","yes","1680","NA","NA"
"NA","NA","right","yes","#646464","no","NA","right","NA","NA","legacy","NA","0","relative","0","0","46","46","46","NA","NA","0","0","46","0","0","0","46","0","46","0","46","NA","NA","Logs experimental data","NA","387","NA","no","mono","no","18","NA","white","1050","north_east","yes","NA","legacy","NA","south_west","NA","legacy","0","NA","NA","NA","0","NA","right","NA","right","space","right","45078","NA","59606","45078","NA","NA","569","NA","NA","legacy","experiment","None","2","even","legacy","1","200","north_west","1977","1978","369860","371324","372807","NA","NA","61619","121226","373337","166306","166304","166306","373337","166306","371458","1978","369860","NA","New experiment","NA","no","yes","1680","NA","NA"
"NA","NA","left","yes","#646464","no","NA","left","NA","NA","legacy","NA","0","relative","0","0","47","47","47","NA","NA","0","0","47","0","0","0","47","0","47","0","47","NA","NA","Logs experimental data","NA","710","NA","no","mono","no","18","NA","white","1050","north_east","yes","NA","legacy","NA","south_west","NA","legacy","0","NA","NA","NA","0","NA","left","NA","right","space","left","45078","NA","59606","45078","NA","NA","541","NA","NA","legacy","experiment","None","2","even","legacy","1","200","north_east","1977","1978","373373","375073","377175","NA","NA","61619","121226","377696","166306","166304","166306","377696","166306","375208","1978","373373","NA","New experiment","NA","no","yes","1680","NA","NA"
"NA","NA","right","yes","#646464","no","NA","right","NA","NA","legacy","NA","0","relative","0","0","48","48","48","NA","NA","0","0","48","0","0","0","48","0","48","0","48","NA","NA","Logs experimental data","NA","400","NA","no","mono","no","18","NA","white","1050","north_east","yes","NA","legacy","NA","south_west","NA","legacy","0","NA","NA","NA","0","NA","right","NA","right","space","right","45078","NA","59606","45078","NA","NA","497","NA","NA","legacy","experiment","None","2","even","legacy","1","200","north_west","1977","1978","377732","378659","380095","NA","NA","61619","121226","380625","166306","166304","166306","380625","166306","378793","1978","377732","NA","New experiment","NA","no","yes","1680","NA","NA"
"NA","NA","left","yes","#646464","no","NA","left","NA","NA","legacy","NA","0","relative","0","0","49","49","49","NA","NA","0","0","49","0","0","0","49","0","49","0","49","NA","NA","Logs experimental data","NA","313","NA","no","mono","no","18","NA","white","1050","north_east","yes","NA","legacy","NA","south_west","NA","legacy","0","NA","NA","NA","0","NA","left","NA","right","space","left","45078","NA","59606","45078","NA","NA","516","NA","NA","legacy","experiment","None","2","even","legacy","1","200","south_east","1977","1978","380661","382492","383775","NA","NA","61619","121226","384306","166306","166304","166306","384306","166306","382628","1978","380661","NA","New experiment","NA","no","yes","1680","NA","NA"
"NA","NA","left","yes","#646464","no","NA","left","NA","NA","legacy","NA","0","relative","0","0","50","50","50","NA","NA","0","0","50","0","0","0","50","0","50","0","50","NA","NA","Logs experimental data","NA","785","NA","no","mono","no","18","NA","white","1050","north_east","yes","NA","legacy","NA","south_west","NA","legacy","0","NA","NA","NA","0","NA","left","NA","right","space","left","45078","NA","59606","45078","NA","NA","455","NA","NA","legacy","experiment","None","2","even","legacy","1","200","south_east","1977","1978","384343","386267","388431","NA","NA","61619","121226","388961","166306","166304","166306","388961","166306","386401","1978","384343","NA","New experiment","NA","no","yes","1680","NA","NA"
"NA","NA","right","yes","#646464","no","NA","right","NA","NA","legacy","NA","0","relative","0","0","51","51","51","NA","NA","0","0","51","0","0","0","51","0","51","0","51","NA","NA","Logs experimental data","NA","471","NA","no","mono","no","18","NA","white","1050","north_east","yes","NA","legacy","NA","south_west","NA","legacy","0","NA","NA","NA","0","NA","right","NA","right","space","right","45078","NA","59606","45078","NA","NA","456","NA","NA","legacy","experiment","None","2","even","legacy","1","200","south_east","1977","1978","388997","391804","393342","NA","NA","61619","121226","393874","166306","166304","166306","393874","166306","391938","1978","388996","NA","New experiment","NA","no","yes","1680","NA","NA"
"NA","NA","right","yes","#646464","no","NA","right","NA","NA","legacy","NA","0","relative","0","0","52","52","52","NA","NA","0","0","52","0","0","0","52","0","52","0","52","NA","NA","Logs experimental data","NA","279","NA","no","mono","no","18","NA","white","1050","north_east","yes","NA","legacy","NA","south_west","NA","legacy","0","NA","NA","NA","0","NA","right","NA","right","space","right","45078","NA","59606","45078","NA","NA","484","NA","NA","legacy","experiment","None","2","even","legacy","1","200","south_east","1977","1978","393911","394962","396143","NA","NA","61619","121226","396675","166306","166304","166306","396675","166306","395096","1978","393911","NA","New experiment","NA","no","yes","1680","NA","NA"
"NA","NA","right","yes","#646464","no","NA","right","NA","NA","legacy","NA","0","relative","0","0","53","53","53","NA","NA","0","0","53","0","0","0","53","0","53","0","53","NA","NA","Logs experimental data","NA","208","NA","no","mono","no","18","NA","white","1050","north_east","yes","NA","legacy","NA","south_west","NA","legacy","0","NA","NA","NA","0","NA","right","NA","right","space","right","45078","NA","59606","45078","NA","NA","622","NA","NA","legacy","experiment","None","2","even","legacy","1","200","north_east","1977","1978","396711","398857","400031","NA","NA","61619","121226","400562","166306","166304","166306","400562","166306","398988","1978","396710","NA","New experiment","NA","no","yes","1680","NA","NA"
"NA","NA","left","yes","#646464","no","NA","left","NA","NA","legacy","NA","0","relative","0","0","54","54","54","NA","NA","0","0","54","0","0","0","54","0","54","0","54","NA","NA","Logs experimental data","NA","718","NA","no","mono","no","18","NA","white","1050","north_east","yes","NA","legacy","NA","south_west","NA","legacy","0","NA","NA","NA","0","NA","left","NA","right","space","left","45078","NA","59606","45078","NA","NA","659","NA","NA","legacy","experiment","None","2","even","legacy","1","200","north_east","1977","1978","400597","404459","406695","NA","NA","61619","121226","407215","166306","166304","166306","407215","166306","404593","1978","400597","NA","New experiment","NA","no","yes","1680","NA","NA"
"NA","NA","left","yes","#646464","no","NA","left","NA","NA","legacy","NA","0","relative","0","0","55","55","55","NA","NA","0","0","55","0","0","0","55","0","55","0","55","NA","NA","Logs experimental data","NA","540","NA","no","mono","no","18","NA","white","1050","north_east","yes","NA","legacy","NA","south_west","NA","legacy","0","NA","NA","NA","0","NA","left","NA","right","space","left","45078","NA","59606","45078","NA","NA","556","NA","NA","legacy","experiment","None","2","even","legacy","1","200","south_east","1977","1978","407250","408379","410150","NA","NA","61619","121226","410672","166306","166304","166306","410672","166306","408509","1978","407250","NA","New experiment","NA","no","yes","1680","NA","NA"
"NA","NA","right","yes","#646464","no","NA","right","NA","NA","legacy","NA","0","relative","0","0","56","56","56","NA","NA","0","0","56","0","0","0","56","0","56","0","56","NA","NA","Logs experimental data","NA","696","NA","no","mono","no","18","NA","white","1050","north_east","yes","NA","legacy","NA","south_west","NA","legacy","0","NA","NA","NA","0","NA","right","NA","right","space","right","45078","NA","59606","45078","NA","NA","502","NA","NA","legacy","experiment","None","2","even","legacy","1","200","north_west","1977","1978","410709","412185","414215","NA","NA","61619","121226","414736","166306","166304","166306","414736","166306","412316","1978","410708","NA","New experiment","NA","no","yes","1680","NA","NA"
"NA","NA","right","yes","#646464","no","NA","right","NA","NA","legacy","NA","0","relative","0","0","57","57","57","NA","NA","0","0","57","0","0","0","57","0","57","0","57","NA","NA","Logs experimental data","NA","264","NA","no","mono","no","18","NA","white","1050","north_east","yes","NA","legacy","NA","south_west","NA","legacy","0","NA","NA","NA","0","NA","right","NA","right","space","right","45078","NA","59606","45078","NA","NA","467","NA","NA","legacy","experiment","None","2","even","legacy","1","200","north_east","1977","1978","414771","416673","417807","NA","NA","61619","121226","418337","166306","166304","166306","418337","166306","416807","1978","414771","NA","New experiment","NA","no","yes","1680","NA","NA"
"NA","NA","right","yes","#646464","no","NA","right","NA","NA","legacy","NA","0","relative","0","0","58","58","58","NA","NA","0","0","58","0","0","0","58","0","58","0","58","NA","NA","Logs experimental data","NA","202","NA","no","mono","no","18","NA","white","1050","north_east","yes","NA","legacy","NA","south_west","NA","legacy","0","NA","NA","NA","0","NA","right","NA","right","space","right","45078","NA","59606","45078","NA","NA","777","NA","NA","legacy","experiment","None","2","even","legacy","1","200","south_east","1977","1978","418372","419800","421119","NA","NA","61619","121226","421649","166306","166304","166306","421649","166306","419931","1978","418372","NA","New experiment","NA","no","yes","1680","NA","NA"
"NA","NA","left","yes","#646464","no","NA","left","NA","NA","legacy","NA","0","relative","0","0","59","59","59","NA","NA","0","0","59","0","0","0","59","0","59","0","59","NA","NA","Logs experimental data","NA","340","NA","no","mono","no","18","NA","white","1050","north_east","yes","NA","legacy","NA","south_west","NA","legacy","0","NA","NA","NA","0","NA","left","NA","right","space","left","45078","NA","59606","45078","NA","NA","672","NA","NA","legacy","experiment","None","2","even","legacy","1","200","south_west","1977","1978","421684","423116","424606","NA","NA","61619","121226","425136","166306","166304","166306","425136","166306","423248","1978","421684","NA","New experiment","NA","no","yes","1680","NA","NA"
"NA","NA","right","yes","#646464","no","NA","right","NA","NA","legacy","NA","0","relative","0","0","60","60","60","NA","NA","0","0","60","0","0","0","60","0","60","0","60","NA","NA","Logs experimental data","NA","202","NA","no","mono","no","18","NA","white","1050","north_east","yes","NA","legacy","NA","south_west","NA","legacy","0","NA","NA","NA","0","NA","right","NA","right","space","right","45078","NA","59606","45078","NA","NA","436","NA","NA","legacy","experiment","None","2","even","legacy","1","200","south_east","1977","1978","425173","427180","428158","NA","NA","61619","121226","428688","166306","166304","166306","428687","166306","427313","1978","425173","NA","New experiment","NA","no","yes","1680","NA","NA"
"NA","NA","right","yes","#646464","no","NA","right","NA","NA","legacy","NA","0","relative","0","0","61","61","61","NA","NA","0","0","61","0","0","0","61","0","61","0","61","NA","NA","Logs experimental data","NA","316","NA","no","mono","no","18","NA","white","1050","north_east","yes","NA","legacy","NA","south_west","NA","legacy","0","NA","NA","NA","0","NA","right","NA","right","space","right","45078","NA","59606","45078","NA","NA","528","NA","NA","legacy","experiment","None","2","even","legacy","1","200","north_east","1977","1978","428723","429708","431007","NA","NA","61619","121226","431537","166306","166304","166306","431537","166306","429842","1978","428723","NA","New experiment","NA","no","yes","1680","NA","NA"
"NA","NA","right","yes","#646464","no","NA","right","NA","NA","legacy","NA","0","relative","0","0","62","62","62","NA","NA","0","0","62","0","0","0","62","0","62","0","62","NA","NA","Logs experimental data","NA","508","NA","no","mono","no","18","NA","white","1050","north_east","yes","NA","legacy","NA","south_west","NA","legacy","0","NA","NA","NA","0","NA","right","NA","right","space","right","45078","NA","59606","45078","NA","NA","550","NA","NA","legacy","experiment","None","2","even","legacy","1","200","south_west","1977","1978","431573","433004","434711","NA","NA","61619","121226","435241","166306","166304","166306","435241","166306","433139","1978","431573","NA","New experiment","NA","no","yes","1680","NA","NA"
"NA","NA","right","yes","#646464","no","NA","right","NA","NA","legacy","NA","0","relative","0","0","63","63","63","NA","NA","0","0","63","0","0","0","63","0","63","0","63","NA","NA","Logs experimental data","NA","302","NA","no","mono","no","18","NA","white","1050","north_east","yes","NA","legacy","NA","south_west","NA","legacy","0","NA","NA","NA","0","NA","right","NA","right","space","right","45078","NA","59606","45078","NA","NA","586","NA","NA","legacy","experiment","None","2","even","legacy","1","200","north_west","1977","1978","435277","436108","437439","NA","NA","61619","121226","437969","166306","166304","166306","437969","166306","436243","1978","435277","NA","New experiment","NA","no","yes","1680","NA","NA"
"NA","NA","left","yes","#646464","no","NA","left","NA","NA","legacy","NA","0","relative","0","0","64","64","64","NA","NA","0","0","64","0","0","0","64","0","64","0","64","NA","NA","Logs experimental data","NA","247","NA","no","mono","no","18","NA","white","1050","north_east","yes","NA","legacy","NA","south_west","NA","legacy","0","NA","NA","NA","0","NA","left","NA","right","space","left","45078","NA","59606","45078","NA","NA","456","NA","NA","legacy","experiment","None","2","even","legacy","1","200","north_east","1977","1978","438005","439776","440862","NA","NA","61619","121226","441393","166306","166304","166306","441393","166306","439909","1978","438005","NA","New experiment","NA","no","yes","1680","NA","NA"
"NA","NA","left","yes","#646464","no","NA","left","NA","NA","legacy","NA","0","relative","0","0","65","65","65","NA","NA","0","0","65","0","0","0","65","0","65","0","65","NA","NA","Logs experimental data","NA","712","NA","no","mono","no","18","NA","white","1050","north_east","yes","NA","legacy","NA","south_west","NA","legacy","0","NA","NA","NA","0","NA","left","NA","right","space","left","45078","NA","59606","45078","NA","NA","664","NA","NA","legacy","experiment","None","2","even","legacy","1","200","south_west","1977","1978","441430","443723","445950","NA","NA","61619","121226","446480","166306","166304","166306","446480","166306","443857","1978","441430","NA","New experiment","NA","no","yes","1680","NA","NA"
"NA","NA","right","yes","#646464","no","NA","right","NA","NA","legacy","NA","0","relative","0","0","66","66","66","NA","NA","0","0","66","0","0","0","66","0","66","0","66","NA","NA","Logs experimental data","NA","399","NA","no","mono","no","18","NA","white","1050","north_east","yes","NA","legacy","NA","south_west","NA","legacy","0","NA","NA","NA","0","NA","right","NA","right","space","right","45078","NA","59606","45078","NA","NA","537","NA","NA","legacy","experiment","None","2","even","legacy","1","200","north_west","1977","1978","446516","447383","448855","NA","NA","61619","121226","449385","166306","166304","166306","449385","166306","447515","1978","446516","NA","New experiment","NA","no","yes","1680","NA","NA"
"NA","NA","left","yes","#646464","no","NA","left","NA","NA","legacy","NA","0","relative","0","0","67","67","67","NA","NA","0","0","67","0","0","0","67","0","67","0","67","NA","NA","Logs experimental data","NA","358","NA","no","mono","no","18","NA","white","1050","north_east","yes","NA","legacy","NA","south_west","NA","legacy","0","NA","NA","NA","0","NA","left","NA","right","space","left","45078","NA","59606","45078","NA","NA","484","NA","NA","legacy","experiment","None","2","even","legacy","1","200","north_east","1977","1978","449421","450909","452247","NA","NA","61619","121226","452783","166306","166304","166306","452783","166306","451041","1978","449421","NA","New experiment","NA","no","yes","1680","NA","NA"
"NA","NA","right","yes","#646464","no","NA","right","NA","NA","legacy","NA","0","relative","0","0","68","68","68","NA","NA","0","0","68","0","0","0","68","0","68","0","68","NA","NA","Logs experimental data","NA","410","NA","no","mono","no","18","NA","white","1050","north_east","yes","NA","legacy","NA","south_west","NA","legacy","0","NA","NA","NA","0","NA","right","NA","right","space","right","45078","NA","59606","45078","NA","NA","384","NA","NA","legacy","experiment","None","2","even","legacy","1","200","north_east","1977","1978","452819","453796","455142","NA","NA","61619","121226","455672","166306","166304","166306","455672","166306","453932","1978","452819","NA","New experiment","NA","no","yes","1680","NA","NA"
"NA","NA","left","yes","#646464","no","NA","left","NA","NA","legacy","NA","0","relative","0","0","69","69","69","NA","NA","0","0","69","0","0","0","69","0","69","0","69","NA","NA","Logs experimental data","NA","337","NA","no","mono","no","18","NA","white","1050","north_east","yes","NA","legacy","NA","south_west","NA","legacy","0","NA","NA","NA","0","NA","left","NA","right","space","left","45078","NA","59606","45078","NA","NA","593","NA","NA","legacy","experiment","None","2","even","legacy","1","200","south_east","1977","1978","455708","457479","458886","NA","NA","61619","121226","459415","166306","166304","166306","459415","166306","457613","1978","455708","NA","New experiment","NA","no","yes","1680","NA","NA"
"NA","NA","right","yes","#646464","no","NA","right","NA","NA","legacy","NA","0","relative","0","0","70","70","70","NA","NA","0","0","70","0","0","0","70","0","70","0","70","NA","NA","Logs experimental data","NA","540","NA","no","mono","no","18","NA","white","1050","north_east","yes","NA","legacy","NA","south_west","NA","legacy","0","NA","NA","NA","0","NA","right","NA","right","space","right","45078","NA","59606","45078","NA","NA","526","NA","NA","legacy","experiment","None","2","even","legacy","1","200","north_west","1977","1978","459451","461996","463742","NA","NA","61619","121226","464272","166306","166304","166306","464272","166306","462130","1978","459451","NA","New experiment","NA","no","yes","1680","NA","NA"
"NA","NA","left","yes","#646464","no","NA","left","NA","NA","legacy","NA","0","relative","0","0","71","71","71","NA","NA","0","0","71","0","0","0","71","0","71","0","71","NA","NA","Logs experimental data","NA","667","NA","no","mono","no","18","NA","white","1050","north_east","yes","NA","legacy","NA","south_west","NA","legacy","0","NA","NA","NA","0","NA","left","NA","right","space","left","45078","NA","59606","45078","NA","NA","530","NA","NA","legacy","experiment","None","2","even","legacy","1","200","south_east","1977","1978","464308","465456","467463","NA","NA","61619","121226","467993","166306","166304","166306","467993","166306","465596","1978","464308","NA","New experiment","NA","no","yes","1680","NA","NA"
"NA","NA","right","yes","#646464","no","NA","right","NA","NA","legacy","NA","0","relative","0","0","72","72","72","NA","NA","0","0","72","0","0","0","72","0","72","0","72","NA","NA","Logs experimental data","NA","414","NA","no","mono","no","18","NA","white","1050","north_east","yes","NA","legacy","NA","south_west","NA","legacy","0","NA","NA","NA","0","NA","right","NA","right","space","right","45078","NA","59606","45078","NA","NA","448","NA","NA","legacy","experiment","None","2","even","legacy","1","200","north_east","1977","1978","468028","469448","470862","NA","NA","61619","121226","471391","166306","166304","166306","471391","166306","469581","1978","468028","NA","New experiment","NA","no","yes","1680","NA","NA"
"NA","NA","right","yes","#646464","no","NA","right","NA","NA","legacy","NA","0","relative","0","0","73","73","73","NA","NA","0","0","73","0","0","0","73","0","73","0","73","NA","NA","Logs experimental data","NA","362","NA","no","mono","no","18","NA","white","1050","north_east","yes","NA","legacy","NA","south_west","NA","legacy","0","NA","NA","NA","0","NA","right","NA","right","space","right","45078","NA","59606","45078","NA","NA","608","NA","NA","legacy","experiment","None","2","even","legacy","1","200","south_east","1977","1978","471427","473192","474662","NA","NA","61619","121226","475193","166306","166304","166306","475193","166306","473325","1978","471426","NA","New experiment","NA","no","yes","1680","NA","NA"
"NA","NA","left","yes","#646464","no","NA","left","NA","NA","legacy","NA","0","relative","0","0","74","74","74","NA","NA","0","0","74","0","0","0","74","0","74","0","74","NA","NA","Logs experimental data","NA","543","NA","no","mono","no","18","NA","white","1050","north_east","yes","NA","legacy","NA","south_west","NA","legacy","0","NA","NA","NA","0","NA","left","NA","right","space","left","45078","NA","59606","45078","NA","NA","589","NA","NA","legacy","experiment","None","2","even","legacy","1","200","north_west","1977","1978","475229","477006","478814","NA","NA","61619","121226","479346","166306","166304","166306","479346","166306","477134","1978","475228","NA","New experiment","NA","no","yes","1680","NA","NA"
"NA","NA","left","yes","#646464","no","NA","left","NA","NA","legacy","NA","0","relative","0","0","75","75","75","NA","NA","0","0","75","0","0","0","75","0","75","0","75","NA","NA","Logs experimental data","NA","627","NA","no","mono","no","18","NA","white","1050","north_east","yes","NA","legacy","NA","south_west","NA","legacy","0","NA","NA","NA","0","NA","left","NA","right","space","left","45078","NA","59606","45078","NA","NA","557","NA","NA","legacy","experiment","None","2","even","legacy","1","200","north_west","1977","1978","479383","482648","484599","NA","NA","61619","121226","485130","166306","166304","166306","485130","166306","482782","1978","479383","NA","New experiment","NA","no","yes","1680","NA","NA"
"NA","NA","right","yes","#646464","no","NA","right","NA","NA","legacy","NA","0","relative","0","0","76","76","76","NA","NA","0","0","76","0","0","0","76","0","76","0","76","NA","NA","Logs experimental data","NA","448","NA","no","mono","no","18","NA","white","1050","north_east","yes","NA","legacy","NA","south_west","NA","legacy","0","NA","NA","NA","0","NA","right","NA","right","space","right","45078","NA","59606","45078","NA","NA","515","NA","NA","legacy","experiment","None","2","even","legacy","1","200","south_west","1977","1978","485165","486168","487718","NA","NA","61619","121226","488242","166306","166304","166306","488242","166306","486302","1978","485165","NA","New experiment","NA","no","yes","1680","NA","NA"
"NA","NA","left","yes","#646464","no","NA","left","NA","NA","legacy","NA","0","relative","0","0","77","77","77","NA","NA","0","0","77","0","0","0","77","0","77","0","77","NA","NA","Logs experimental data","NA","767","NA","no","mono","no","18","NA","white","1050","north_east","yes","NA","legacy","NA","south_west","NA","legacy","0","NA","NA","NA","0","NA","left","NA","right","space","left","45078","NA","59606","45078","NA","NA","528","NA","NA","legacy","experiment","None","2","even","legacy","1","200","south_east","1977","1978","488277","489629","491830","NA","NA","61619","121226","492354","166306","166304","166306","492354","166306","489762","1978","488277","NA","New experiment","NA","no","yes","1680","NA","NA"
"NA","NA","left","yes","#646464","no","NA","left","NA","NA","legacy","NA","0","relative","0","0","78","78","78","NA","NA","0","0","78","0","0","0","78","0","78","0","78","NA","NA","Logs experimental data","NA","489","NA","no","mono","no","18","NA","white","1050","north_east","yes","NA","legacy","NA","south_west","NA","legacy","0","NA","NA","NA","0","NA","left","NA","right","space","left","45078","NA","59606","45078","NA","NA","497","NA","NA","legacy","experiment","None","2","even","legacy","1","200","north_east","1977","1978","492389","493117","494726","NA","NA","61619","121226","495250","166306","166304","166306","495250","166306","493246","1978","492389","NA","New experiment","NA","no","yes","1680","NA","NA"
"NA","NA","left","yes","#646464","no","NA","left","NA","NA","legacy","NA","0","relative","0","0","79","79","79","NA","NA","0","0","79","0","0","0","79","0","79","0","79","NA","NA","Logs experimental data","NA","348","NA","no","mono","no","18","NA","white","1050","north_east","yes","NA","legacy","NA","south_west","NA","legacy","0","NA","NA","NA","0","NA","left","NA","right","space","left","45078","NA","59606","45078","NA","NA","543","NA","NA","legacy","experiment","None","2","even","legacy","1","200","north_east","1977","1978","495285","496572","497950","NA","NA","61619","121226","498482","166306","166304","166306","498482","166306","496705","1978","495285","NA","New experiment","NA","no","yes","1680","NA","NA"
"NA","NA","right","yes","#646464","no","NA","right","NA","NA","legacy","NA","0","relative","0","0","80","80","80","NA","NA","0","0","80","0","0","0","80","0","80","0","80","NA","NA","Logs experimental data","NA","468","NA","no","mono","no","18","NA","white","1050","north_east","yes","NA","legacy","NA","south_west","NA","legacy","0","NA","NA","NA","0","NA","right","NA","right","space","right","45078","NA","59606","45078","NA","NA","515","NA","NA","legacy","experiment","None","2","even","legacy","1","200","south_west","1977","1978","498518","500592","502182","NA","NA","61619","121226","502705","166306","166304","166306","502705","166306","500726","1978","498518","NA","New experiment","NA","no","yes","1680","NA","NA"
"NA","NA","left","yes","#646464","no","NA","left","NA","NA","legacy","NA","0","relative","0","0","81","81","81","NA","NA","0","0","81","0","0","0","81","0","81","0","81","NA","NA","Logs experimental data","NA","242","NA","no","mono","no","18","NA","white","1050","north_east","yes","NA","legacy","NA","south_west","NA","legacy","0","NA","NA","NA","0","NA","left","NA","right","space","left","45078","NA","59606","45078","NA","NA","645","NA","NA","legacy","experiment","None","2","even","legacy","1","200","south_west","1977","1978","502740","504540","505806","NA","NA","61619","121226","506335","166306","166304","166306","506334","166306","504672","1978","502740","NA","New experiment","NA","no","yes","1680","NA","NA"
"NA","NA","right","yes","#646464","no","NA","right","NA","NA","legacy","NA","0","relative","0","0","82","82","82","NA","NA","0","0","82","0","0","0","82","0","82","0","82","NA","NA","Logs experimental data","NA","254","NA","no","mono","no","18","NA","white","1050","north_east","yes","NA","legacy","NA","south_west","NA","legacy","0","NA","NA","NA","0","NA","right","NA","right","space","right","45078","NA","59606","45078","NA","NA","534","NA","NA","legacy","experiment","None","2","even","legacy","1","200","south_east","1977","1978","506370","508336","509518","NA","NA","61619","121226","510048","166306","166304","166306","510048","166306","508470","1978","506370","NA","New experiment","NA","no","yes","1680","NA","NA"
"NA","NA","right","yes","#646464","no","NA","right","NA","NA","legacy","NA","0","relative","0","0","83","83","83","NA","NA","0","0","83","0","0","0","83","0","83","0","83","NA","NA","Logs experimental data","NA","520","NA","no","mono","no","18","NA","white","1050","north_east","yes","NA","legacy","NA","south_west","NA","legacy","0","NA","NA","NA","0","NA","right","NA","right","space","right","45078","NA","59606","45078","NA","NA","483","NA","NA","legacy","experiment","None","2","even","legacy","1","200","south_east","1977","1978","510084","511808","513470","NA","NA","61619","121226","514001","166306","166304","166306","514001","166306","511941","1978","510084","NA","New experiment","NA","no","yes","1680","NA","NA"
"NA","NA","left","yes","#646464","no","NA","left","NA","NA","legacy","NA","0","relative","0","0","84","84","84","NA","NA","0","0","84","0","0","0","84","0","84","0","84","NA","NA","Logs experimental data","NA","200","NA","no","mono","no","18","NA","white","1050","north_east","yes","NA","legacy","NA","south_west","NA","legacy","0","NA","NA","NA","0","NA","left","NA","right","space","left","45078","NA","59606","45078","NA","NA","530","NA","NA","legacy","experiment","None","2","even","legacy","1","200","south_east","1977","1978","514037","515792","516861","NA","NA","61619","121226","517387","166306","166304","166306","517387","166306","515926","1978","514037","NA","New experiment","NA","no","yes","1680","NA","NA"
"NA","NA","left","yes","#646464","no","NA","left","NA","NA","legacy","NA","0","relative","0","0","85","85","85","NA","NA","0","0","85","0","0","0","85","0","85","0","85","NA","NA","Logs experimental data","NA","692","NA","no","mono","no","18","NA","white","1050","north_east","yes","NA","legacy","NA","south_west","NA","legacy","0","NA","NA","NA","0","NA","left","NA","right","space","left","45078","NA","59606","45078","NA","NA","603","NA","NA","legacy","experiment","None","2","even","legacy","1","200","south_east","1977","1978","517423","519241","521366","NA","NA","61619","121226","521890","166306","166304","166306","521890","166306","519373","1978","517423","NA","New experiment","NA","no","yes","1680","NA","NA"
"NA","NA","right","yes","#646464","no","NA","right","NA","NA","legacy","NA","0","relative","0","0","86","86","86","NA","NA","0","0","86","0","0","0","86","0","86","0","86","NA","NA","Logs experimental data","NA","366","NA","no","mono","no","18","NA","white","1050","north_east","yes","NA","legacy","NA","south_west","NA","legacy","0","NA","NA","NA","0","NA","right","NA","right","space","right","45078","NA","59606","45078","NA","NA","580","NA","NA","legacy","experiment","None","2","even","legacy","1","200","south_west","1977","1978","521926","522412","523862","NA","NA","61619","121226","524392","166306","166304","166306","524392","166306","522545","1978","521926","NA","New experiment","NA","no","yes","1680","NA","NA"
"NA","NA","right","yes","#646464","no","NA","right","NA","NA","legacy","NA","0","relative","0","0","87","87","87","NA","NA","0","0","87","0","0","0","87","0","87","0","87","NA","NA","Logs experimental data","NA","672","NA","no","mono","no","18","NA","white","1050","north_east","yes","NA","legacy","NA","south_west","NA","legacy","0","NA","NA","NA","0","NA","right","NA","right","space","right","45078","NA","59606","45078","NA","NA","476","NA","NA","legacy","experiment","None","2","even","legacy","1","200","south_east","1977","1978","524428","526078","528038","NA","NA","61619","121226","528568","166306","166304","166306","528568","166306","526212","1978","524428","NA","New experiment","NA","no","yes","1680","NA","NA"
"NA","NA","right","yes","#646464","no","NA","right","NA","NA","legacy","NA","0","relative","0","0","88","88","88","NA","NA","0","0","88","0","0","0","88","0","88","0","88","NA","NA","Logs experimental data","NA","330","NA","no","mono","no","18","NA","white","1050","north_east","yes","NA","legacy","NA","south_west","NA","legacy","0","NA","NA","NA","0","NA","right","NA","right","space","right","45078","NA","59606","45078","NA","NA","578","NA","NA","legacy","experiment","None","2","even","legacy","1","200","north_east","1977","1978","528604","529484","530862","NA","NA","61619","121226","531392","166306","166304","166306","531392","166306","529618","1978","528604","NA","New experiment","NA","no","yes","1680","NA","NA"
"NA","NA","left","yes","#646464","no","NA","left","NA","NA","legacy","NA","0","relative","0","0","89","89","89","NA","NA","0","0","89","0","0","0","89","0","89","0","89","NA","NA","Logs experimental data","NA","659","NA","no","mono","no","18","NA","white","1050","north_east","yes","NA","legacy","NA","south_west","NA","legacy","0","NA","NA","NA","0","NA","left","NA","right","space","left","45078","NA","59606","45078","NA","NA","526","NA","NA","legacy","experiment","None","2","even","legacy","1","200","north_west","1977","1978","531429","532304","534293","NA","NA","61619","121226","534817","166306","166304","166306","534817","166306","532443","1978","531429","NA","New experiment","NA","no","yes","1680","NA","NA"
"NA","NA","left","yes","#646464","no","NA","left","NA","NA","legacy","NA","0","relative","0","0","90","90","90","NA","NA","0","0","90","0","0","0","90","0","90","0","90","NA","NA","Logs experimental data","NA","354","NA","no","mono","no","18","NA","white","1050","north_east","yes","NA","legacy","NA","south_west","NA","legacy","0","NA","NA","NA","0","NA","left","NA","right","space","left","45078","NA","59606","45078","NA","NA","537","NA","NA","legacy","experiment","None","2","even","legacy","1","200","south_west","1977","1978","534853","535741","537126","NA","NA","61619","121226","537658","166306","166304","166306","537658","166306","535876","1978","534853","NA","New experiment","NA","no","yes","1680","NA","NA"
"NA","NA","left","yes","#646464","no","NA","left","NA","NA","legacy","NA","0","relative","0","0","91","91","91","NA","NA","0","0","91","0","0","0","91","0","91","0","91","NA","NA","Logs experimental data","NA","724","NA","no","mono","no","18","NA","white","1050","north_east","yes","NA","legacy","NA","south_west","NA","legacy","0","NA","NA","NA","0","NA","left","NA","right","space","left","45078","NA","59606","45078","NA","NA","578","NA","NA","legacy","experiment","None","2","even","legacy","1","200","north_east","1977","1978","537694","541096","543262","NA","NA","61619","121226","543794","166306","166304","166306","543794","166306","541230","1978","537694","NA","New experiment","NA","no","yes","1680","NA","NA"
"NA","NA","left","yes","#646464","no","NA","left","NA","NA","legacy","NA","0","relative","0","0","92","92","92","NA","NA","0","0","92","0","0","0","92","0","92","0","92","NA","NA","Logs experimental data","NA","771","NA","no","mono","no","18","NA","white","1050","north_east","yes","NA","legacy","NA","south_west","NA","legacy","0","NA","NA","NA","0","NA","None","NA","right","space","None","45078","NA","59606","45078","NA","NA","1002","NA","NA","legacy","experiment","None","2","even","legacy","0","200","north_west","1977","1978","543830","544958","547642","NA","NA","61619","121226","548161","166306","166304","166306","548161","166306","545092","1978","543830","NA","New experiment","NA","no","yes","1680","NA","NA"
"NA","NA","right","yes","#646464","no","NA","right","NA","NA","legacy","NA","0","relative","0","0","93","93","93","NA","NA","0","0","93","0","0","0","93","0","93","0","93","NA","NA","Logs experimental data","NA","552","NA","no","mono","no","18","NA","white","1050","north_east","yes","NA","legacy","NA","south_west","NA","legacy","0","NA","NA","NA","0","NA","right","NA","right","space","right","45078","NA","59606","45078","NA","NA","475","NA","NA","legacy","experiment","None","2","even","legacy","1","200","north_west","1977","1978","548197","550025","551741","NA","NA","61619","121226","552272","166306","166304","166306","552272","166306","550157","1978","548196","NA","New experiment","NA","no","yes","1680","NA","NA"
"NA","NA","right","yes","#646464","no","NA","right","NA","NA","legacy","NA","0","relative","0","0","94","94","94","NA","NA","0","0","94","0","0","0","94","0","94","0","94","NA","NA","Logs experimental data","NA","595","NA","no","mono","no","18","NA","white","1050","north_east","yes","NA","legacy","NA","south_west","NA","legacy","0","NA","NA","NA","0","NA","right","NA","right","space","right","45078","NA","59606","45078","NA","NA","504","NA","NA","legacy","experiment","None","2","even","legacy","1","200","south_east","1977","1978","552308","553741","555574","NA","NA","61619","121226","556104","166306","166304","166306","556104","166306","553874","1978","552308","NA","New experiment","NA","no","yes","1680","NA","NA"
"NA","NA","left","yes","#646464","no","NA","left","NA","NA","legacy","NA","0","relative","0","0","95","95","95","NA","NA","0","0","95","0","0","0","95","0","95","0","95","NA","NA","Logs experimental data","NA","788","NA","no","mono","no","18","NA","white","1050","north_east","yes","NA","legacy","NA","south_west","NA","legacy","0","NA","NA","NA","0","NA","left","NA","right","space","left","45078","NA","59606","45078","NA","NA","554","NA","NA","legacy","experiment","None","2","even","legacy","1","200","north_west","1977","1978","556139","558616","560886","NA","NA","61619","121226","561417","166306","166304","166306","561417","166306","558750","1978","556139","NA","New experiment","NA","no","yes","1680","NA","NA"
"NA","NA","left","yes","#646464","no","NA","left","NA","NA","legacy","NA","0","relative","0","0","96","96","96","NA","NA","0","0","96","0","0","0","96","0","96","0","96","NA","NA","Logs experimental data","NA","213","NA","no","mono","no","18","NA","white","1050","north_east","yes","NA","legacy","NA","south_west","NA","legacy","0","NA","NA","NA","0","NA","left","NA","right","space","left","45078","NA","59606","45078","NA","NA","512","NA","NA","legacy","experiment","None","2","even","legacy","1","200","north_west","1977","1978","561452","564104","565181","NA","NA","61619","121226","565699","166306","166304","166306","565699","166306","564238","1978","561452","NA","New experiment","NA","no","yes","1680","NA","NA"
"NA","NA","left","yes","#646464","no","NA","left","NA","NA","legacy","NA","0","relative","0","0","97","97","97","NA","NA","0","0","97","0","0","0","97","0","97","0","97","NA","NA","Logs experimental data","NA","314","NA","no","mono","no","18","NA","white","1050","north_east","yes","NA","legacy","NA","south_west","NA","legacy","0","NA","NA","NA","0","NA","left","NA","right","space","left","45078","NA","59606","45078","NA","NA","662","NA","NA","legacy","experiment","None","2","even","legacy","1","200","south_west","1977","1978","565734","567103","568533","NA","NA","61619","121226","569058","166306","166304","166306","569058","166306","567237","1978","565734","NA","New experiment","NA","no","yes","1680","NA","NA"
"NA","NA","left","yes","#646464","no","NA","left","NA","NA","legacy","NA","0","relative","0","0","98","98","98","NA","NA","0","0","98","0","0","0","98","0","98","0","98","NA","NA","Logs experimental data","NA","384","NA","no","mono","no","18","NA","white","1050","north_east","yes","NA","legacy","NA","south_west","NA","legacy","0","NA","NA","NA","0","NA","left","NA","right","space","left","45078","NA","59606","45078","NA","NA","604","NA","NA","legacy","experiment","None","2","even","legacy","1","200","south_west","1977","1978","569093","569933","571446","NA","NA","61619","121226","571978","166306","166304","166306","571978","166306","570069","1978","569093","NA","New experiment","NA","no","yes","1680","NA","NA"
"NA","NA","left","yes","#646464","no","NA","left","NA","NA","legacy","NA","0","relative","0","0","99","99","99","NA","NA","0","0","99","0","0","0","99","0","99","0","99","NA","NA","Logs experimental data","NA","756","NA","no","mono","no","18","NA","white","1050","north_east","yes","NA","legacy","NA","south_west","NA","legacy","0","NA","NA","NA","0","NA","left","NA","right","space","left","45078","NA","59606","45078","NA","NA","489","NA","NA","legacy","experiment","None","2","even","legacy","1","200","south_west","1977","1978","572013","573416","575558","NA","NA","61619","121226","576089","166306","166304","166306","576089","166306","573551","1978","572013","NA","New experiment","NA","no","yes","1680","NA","NA"
"NA","NA","right","yes","#646464","no","NA","right","NA","NA","legacy","NA","0","relative","0","0","100","100","100","NA","NA","0","0","100","0","0","0","100","0","100","0","100","NA","NA","Logs experimental data","NA","579","NA","no","mono","no","18","NA","white","1050","north_east","yes","NA","legacy","NA","south_west","NA","legacy","0","NA","NA","NA","0","NA","right","NA","right","space","right","45078","NA","59606","45078","NA","NA","541","NA","NA","legacy","experiment","None","2","even","legacy","1","200","south_west","1977","1978","576124","576952","578790","NA","NA","61619","121226","579314","166306","166304","166306","579314","166306","577086","1978","576124","NA","New experiment","NA","no","yes","1680","NA","NA"
"NA","NA","right","yes","#646464","no","NA","right","NA","NA","legacy","NA","0","relative","0","0","101","101","101","NA","NA","0","0","101","0","0","0","101","0","101","0","101","NA","NA","Logs experimental data","NA","273","NA","no","mono","no","18","NA","white","1050","north_east","yes","NA","legacy","NA","south_west","NA","legacy","0","NA","NA","NA","0","NA","right","NA","right","space","right","45078","NA","59606","45078","NA","NA","475","NA","NA","legacy","experiment","None","2","even","legacy","1","200","south_east","1977","1978","579349","581143","582301","NA","NA","61619","121226","582830","166306","166304","166306","582830","166306","581275","1978","579349","NA","New experiment","NA","no","yes","1680","NA","NA"
"NA","NA","right","yes","#646464","no","NA","right","NA","NA","legacy","NA","0","relative","0","0","102","102","102","NA","NA","0","0","102","0","0","0","102","0","102","0","102","NA","NA","Logs experimental data","NA","690","NA","no","mono","no","18","NA","white","1050","north_east","yes","NA","legacy","NA","south_west","NA","legacy","0","NA","NA","NA","0","NA","right","NA","right","space","right","45078","NA","59606","45078","NA","NA","550","NA","NA","legacy","experiment","None","2","even","legacy","1","200","north_east","1977","1978","582865","585016","587085","NA","NA","61619","121226","587619","166306","166304","166306","587618","166306","585149","1978","582865","NA","New experiment","NA","no","yes","1680","NA","NA"
"NA","NA","right","yes","#646464","no","NA","right","NA","NA","legacy","NA","0","relative","0","0","103","103","103","NA","NA","0","0","103","0","0","0","103","0","103","0","103","NA","NA","Logs experimental data","NA","281","NA","no","mono","no","18","NA","white","1050","north_east","yes","NA","legacy","NA","south_west","NA","legacy","0","NA","NA","NA","0","NA","right","NA","right","space","right","45078","NA","59606","45078","NA","NA","473","NA","NA","legacy","experiment","None","2","even","legacy","1","200","south_west","1977","1978","587655","589601","590782","NA","NA","61619","121226","591309","166306","166304","166306","591309","166306","589741","1978","587654","NA","New experiment","NA","no","yes","1680","NA","NA"
"NA","NA","left","yes","#646464","no","NA","left","NA","NA","legacy","NA","0","relative","0","0","104","104","104","NA","NA","0","0","104","0","0","0","104","0","104","0","104","NA","NA","Logs experimental data","NA","433","NA","no","mono","no","18","NA","white","1050","north_east","yes","NA","legacy","NA","south_west","NA","legacy","0","NA","NA","NA","0","NA","left","NA","right","space","left","45078","NA","59606","45078","NA","NA","658","NA","NA","legacy","experiment","None","2","even","legacy","1","200","south_west","1977","1978","591345","592620","594286","NA","NA","61619","121226","594816","166306","166304","166306","594816","166306","592756","1978","591345","NA","New experiment","NA","no","yes","1680","NA","NA"
"NA","NA","left","yes","#646464","no","NA","left","NA","NA","legacy","NA","0","relative","0","0","105","105","105","NA","NA","0","0","105","0","0","0","105","0","105","0","105","NA","NA","Logs experimental data","NA","419","NA","no","mono","no","18","NA","white","1050","north_east","yes","NA","legacy","NA","south_west","NA","legacy","0","NA","NA","NA","0","NA","left","NA","right","space","left","45078","NA","59606","45078","NA","NA","503","NA","NA","legacy","experiment","None","2","even","legacy","1","200","north_west","1977","1978","594853","596438","597917","NA","NA","61619","121226","598445","166306","166304","166306","598445","166306","596571","1978","594853","NA","New experiment","NA","no","yes","1680","NA","NA"
"NA","NA","left","yes","#646464","no","NA","left","NA","NA","legacy","NA","0","relative","0","0","106","106","106","NA","NA","0","0","106","0","0","0","106","0","106","0","106","NA","NA","Logs experimental data","NA","525","NA","no","mono","no","18","NA","white","1050","north_east","yes","NA","legacy","NA","south_west","NA","legacy","0","NA","NA","NA","0","NA","left","NA","right","space","left","45078","NA","59606","45078","NA","NA","626","NA","NA","legacy","experiment","None","2","even","legacy","1","200","south_east","1977","1978","598482","600317","602133","NA","NA","61619","121226","602659","166306","166304","166306","602659","166306","600451","1978","598482","NA","New experiment","NA","no","yes","1680","NA","NA"
"NA","NA","left","yes","#646464","no","NA","left","NA","NA","legacy","NA","0","relative","0","0","107","107","107","NA","NA","0","0","107","0","0","0","107","0","107","0","107","NA","NA","Logs experimental data","NA","480","NA","no","mono","no","18","NA","white","1050","north_east","yes","NA","legacy","NA","south_west","NA","legacy","0","NA","NA","NA","0","NA","left","NA","right","space","left","45078","NA","59606","45078","NA","NA","636","NA","NA","legacy","experiment","None","2","even","legacy","1","200","south_west","1977","1978","602695","603695","605430","NA","NA","61619","121226","605961","166306","166304","166306","605961","166306","603828","1978","602695","NA","New experiment","NA","no","yes","1680","NA","NA"
"NA","NA","left","yes","#646464","no","NA","left","NA","NA","legacy","NA","0","relative","0","0","108","108","108","NA","NA","0","0","108","0","0","0","108","0","108","0","108","NA","NA","Logs experimental data","NA","733","NA","no","mono","no","18","NA","white","1050","north_east","yes","NA","legacy","NA","south_west","NA","legacy","0","NA","NA","NA","0","NA","left","NA","right","space","left","45078","NA","59606","45078","NA","NA","472","NA","NA","legacy","experiment","None","2","even","legacy","1","200","south_west","1977","1978","605997","607497","609574","NA","NA","61619","121226","610104","166306","166304","166306","610104","166306","607630","1978","605997","NA","New experiment","NA","no","yes","1680","NA","NA"
"NA","NA","right","yes","#646464","no","NA","right","NA","NA","legacy","NA","0","relative","0","0","109","109","109","NA","NA","0","0","109","0","0","0","109","0","109","0","109","NA","NA","Logs experimental data","NA","756","NA","no","mono","no","18","NA","white","1050","north_east","yes","NA","legacy","NA","south_west","NA","legacy","0","NA","NA","NA","0","NA","right","NA","right","space","right","45078","NA","59606","45078","NA","NA","450","NA","NA","legacy","experiment","None","2","even","legacy","1","200","north_east","1977","1978","610140","611246","613349","NA","NA","61619","121226","613875","166306","166304","166306","613875","166306","611382","1978","610140","NA","New experiment","NA","no","yes","1680","NA","NA"
"NA","NA","right","yes","#646464","no","NA","right","NA","NA","legacy","NA","0","relative","0","0","110","110","110","NA","NA","0","0","110","0","0","0","110","0","110","0","110","NA","NA","Logs experimental data","NA","661","NA","no","mono","no","18","NA","white","1050","north_east","yes","NA","legacy","NA","south_west","NA","legacy","0","NA","NA","NA","0","NA","right","NA","right","space","right","45078","NA","59606","45078","NA","NA","609","NA","NA","legacy","experiment","None","2","even","legacy","1","200","north_west","1977","1978","613911","614879","616949","NA","NA","61619","121226","617487","166306","166304","166306","617487","166306","615013","1978","613911","NA","New experiment","NA","no","yes","1680","NA","NA"
"NA","NA","right","yes","#646464","no","NA","right","NA","NA","legacy","NA","0","relative","0","0","111","111","111","NA","NA","0","0","111","0","0","0","111","0","111","0","111","NA","NA","Logs experimental data","NA","401","NA","no","mono","no","18","NA","white","1050","north_east","yes","NA","legacy","NA","south_west","NA","legacy","0","NA","NA","NA","0","NA","right","NA","right","space","right","45078","NA","59606","45078","NA","NA","825","NA","NA","legacy","experiment","None","2","even","legacy","1","200","north_west","1977","1978","617523","618702","620469","NA","NA","61619","121226","621000","166306","166304","166306","621000","166306","618837","1978","617523","NA","New experiment","NA","no","yes","1680","NA","NA"
"NA","NA","right","yes","#646464","no","NA","right","NA","NA","legacy","NA","0","relative","0","0","112","112","112","NA","NA","0","0","112","0","0","0","112","0","112","0","112","NA","NA","Logs experimental data","NA","719","NA","no","mono","no","18","NA","white","1050","north_east","yes","NA","legacy","NA","south_west","NA","legacy","0","NA","NA","NA","0","NA","right","NA","right","space","right","45078","NA","59606","45078","NA","NA","463","NA","NA","legacy","experiment","None","2","even","legacy","1","200","north_east","1977","1978","621036","622172","624214","NA","NA","61619","121226","624739","166306","166304","166306","624739","166306","622307","1978","621036","NA","New experiment","NA","no","yes","1680","NA","NA"
"NA","NA","right","yes","#646464","no","NA","right","NA","NA","legacy","NA","0","relative","0","0","113","113","113","NA","NA","0","0","113","0","0","0","113","0","113","0","113","NA","NA","Logs experimental data","NA","748","NA","no","mono","no","18","NA","white","1050","north_east","yes","NA","legacy","NA","south_west","NA","legacy","0","NA","NA","NA","0","NA","right","NA","right","space","right","45078","NA","59606","45078","NA","NA","492","NA","NA","legacy","experiment","None","2","even","legacy","1","200","north_west","1977","1978","624774","628286","630413","NA","NA","61619","121226","630942","166306","166304","166306","630942","166306","628419","1978","624774","NA","New experiment","NA","no","yes","1680","NA","NA"
"NA","NA","left","yes","#646464","no","NA","left","NA","NA","legacy","NA","0","relative","0","0","114","114","114","NA","NA","0","0","114","0","0","0","114","0","114","0","114","NA","NA","Logs experimental data","NA","408","NA","no","mono","no","18","NA","white","1050","north_east","yes","NA","legacy","NA","south_west","NA","legacy","0","NA","NA","NA","0","NA","left","NA","right","space","left","45078","NA","59606","45078","NA","NA","554","NA","NA","legacy","experiment","None","2","even","legacy","1","200","north_east","1977","1978","630978","632057","633565","NA","NA","61619","121226","634094","166306","166304","166306","634094","166306","632190","1978","630977","NA","New experiment","NA","no","yes","1680","NA","NA"
"NA","NA","left","yes","#646464","no","NA","left","NA","NA","legacy","NA","0","relative","0","0","115","115","115","NA","NA","0","0","115","0","0","0","115","0","115","0","115","NA","NA","Logs experimental data","NA","710","NA","no","mono","no","18","NA","white","1050","north_east","yes","NA","legacy","NA","south_west","NA","legacy","0","NA","NA","NA","0","NA","left","NA","right","space","left","45078","NA","59606","45078","NA","NA","505","NA","NA","legacy","experiment","None","2","even","legacy","1","200","north_west","1977","1978","634129","635997","638061","NA","NA","61619","121226","638589","166306","166304","166306","638589","166306","636130","1978","634129","NA","New experiment","NA","no","yes","1680","NA","NA"
"NA","NA","left","yes","#646464","no","NA","left","NA","NA","legacy","NA","0","relative","0","0","116","116","116","NA","NA","0","0","116","0","0","0","116","0","116","0","116","NA","NA","Logs experimental data","NA","346","NA","no","mono","no","18","NA","white","1050","north_east","yes","NA","legacy","NA","south_west","NA","legacy","0","NA","NA","NA","0","NA","left","NA","right","space","left","45078","NA","59606","45078","NA","NA","495","NA","NA","legacy","experiment","None","2","even","legacy","1","200","north_west","1977","1978","638624","640206","641533","NA","NA","61619","121226","642062","166306","166304","166306","642062","166306","640341","1978","638624","NA","New experiment","NA","no","yes","1680","NA","NA"
"NA","NA","right","yes","#646464","no","NA","right","NA","NA","legacy","NA","0","relative","0","0","117","117","117","NA","NA","0","0","117","0","0","0","117","0","117","0","117","NA","NA","Logs experimental data","NA","427","NA","no","mono","no","18","NA","white","1050","north_east","yes","NA","legacy","NA","south_west","NA","legacy","0","NA","NA","NA","0","NA","right","NA","right","space","right","45078","NA","59606","45078","NA","NA","482","NA","NA","legacy","experiment","None","2","even","legacy","1","200","south_east","1977","1978","642097","643934","645406","NA","NA","61619","121226","645934","166306","166304","166306","645934","166306","644064","1978","642097","NA","New experiment","NA","no","yes","1680","NA","NA"
"NA","NA","right","yes","#646464","no","NA","right","NA","NA","legacy","NA","0","relative","0","0","118","118","118","NA","NA","0","0","118","0","0","0","118","0","118","0","118","NA","NA","Logs experimental data","NA","527","NA","no","mono","no","18","NA","white","1050","north_east","yes","NA","legacy","NA","south_west","NA","legacy","0","NA","NA","NA","0","NA","right","NA","right","space","right","45078","NA","59606","45078","NA","NA","502","NA","NA","legacy","experiment","None","2","even","legacy","1","200","south_east","1977","1978","645971","647550","649245","NA","NA","61619","121226","649777","166306","166304","166306","649777","166306","647683","1978","645971","NA","New experiment","NA","no","yes","1680","NA","NA"
"NA","NA","right","yes","#646464","no","NA","right","NA","NA","legacy","NA","0","relative","0","0","119","119","119","NA","NA","0","0","119","0","0","0","119","0","119","0","119","NA","NA","Logs experimental data","NA","774","NA","no","mono","no","18","NA","white","1050","north_east","yes","NA","legacy","NA","south_west","NA","legacy","0","NA","NA","NA","0","NA","right","NA","right","space","right","45078","NA","59606","45078","NA","NA","603","NA","NA","legacy","experiment","None","2","even","legacy","1","200","north_west","1977","1978","649814","650992","653277","NA","NA","61619","121226","653794","166306","166304","166306","653794","166306","651120","1978","649814","NA","New experiment","NA","no","yes","1680","NA","NA"
