_prepare,_run,answer,auto_log,background,bidi,break_if,c_target,cal_beep,cal_target_size,canvas_backend,column_order,compensation,coordinates,count_experiment,count_eyelink_calibrate,count_eyelink_drift_correct,count_eyelink_start_recording,count_eyelink_stop_recording,count_feedback,count_getting_started,count_instructions,count_instructions2,count_logger,count_practice_block,count_practice_loop,count_practice_sequence,count_record_times,count_reset_feedback,count_script,count_setup,count_trial_sequence,count_welcome,cycles,description,duration,fix_to_stim,flush_keyboard,font_bold,font_family,font_italic,font_size,force_drift_correct,foreground,height,high_location,ignore_missing,item,keyboard_backend,log_msg,low_location,mode,mouse_backend,note,order,repeat,repeat_cycle,reset_variables,response,response_feedback,response_instructions,response_instructions2,response_key,response_time,response_time_feedback,response_time_instructions,response_time_instructions2,response_time_welcome,response_welcome,rt,sacc_acc_thresh,sacc_vel_thresh,sampler_backend,start,start_response_interval,subject_nr,subject_parity,synth_backend,target_correct,target_duration,target_position,time_experiment,time_eyelink_calibrate,time_eyelink_drift_correct,time_eyelink_start_recording,time_eyelink_stop_recording,time_feedback,time_getting_started,time_instructions,time_instructions2,time_logger,time_practice_block,time_practice_loop,time_practice_sequence,time_record_times,time_reset_feedback,time_script,time_setup,time_trial_sequence,time_welcome,title,tracker_attached,transparent_variables,use_quotes,width,xpos,ypos
"NA","NA","right","yes","#646464","no","NA","right","NA","NA","legacy","NA","0","relative","0","0","0","0","0","NA","NA","0","0","0","0","0","0","0","0","0","0","0","NA","NA","Logs experimental data","NA","459","NA","no","mono","no","18","NA","white","1050","north_east","yes","NA","legacy","NA","south_west","NA","legacy","NA","NA","NA","0","NA","right","NA","space","space","right","998","NA","885","998","NA","NA","466","NA","NA","legacy","experiment","None","10","even","legacy","1","200","north_east","1966","1967","11764","21445","22509","NA","NA","9807","10694","23039","11694","11692","11694","23039","11694","21580","1967","11764","NA","New experiment","NA","no","yes","1680","NA","NA"
"NA","NA","left","yes","#646464","no","NA","left","NA","NA","legacy","NA","0","relative","0","0","1","1","1","NA","NA","0","0","1","0","0","0","1","0","1","0","1","NA","NA","Logs experimental data","NA","389","NA","no","mono","no","18","NA","white","1050","north_east","yes","NA","legacy","NA","south_west","NA","legacy","NA","NA","NA","0","NA","left","NA","space","space","left","998","NA","885","998","NA","NA","577","NA","NA","legacy","experiment","None","10","even","legacy","1","200","south_west","1966","1967","23087","26292","27397","NA","NA","9807","10694","27924","11694","11692","11694","27924","11694","26426","1967","23087","NA","New experiment","NA","no","yes","1680","NA","NA"
"NA","NA","left","yes","#646464","no","NA","left","NA","NA","legacy","NA","0","relative","0","0","2","2","2","NA","NA","0","0","2","0","0","0","2","0","2","0","2","NA","NA","Logs experimental data","NA","311","NA","no","mono","no","18","NA","white","1050","north_east","yes","NA","legacy","NA","south_west","NA","legacy","NA","NA","NA","0","NA","left","NA","space","space","left","998","NA","885","998","NA","NA","623","NA","NA","legacy","experiment","None","10","even","legacy","1","200","north_west","1966","1967","27960","29877","30948","NA","NA","9807","10694","31475","11694","11692","11694","31475","11694","30011","1967","27960","NA","New experiment","NA","no","yes","1680","NA","NA"
"NA","NA","right","yes","#646464","no","NA","right","NA","NA","legacy","NA","0","relative","0","0","3","3","3","NA","NA","0","0","3","0","0","0","3","0","3","0","3","NA","NA","Logs experimental data","NA","454","NA","no","mono","no","18","NA","white","1050","north_east","yes","NA","legacy","NA","south_west","NA","legacy","NA","NA","NA","0","NA","right","NA","space","space","right","998","NA","885","998","NA","NA","744","NA","NA","legacy","experiment","None","10","even","legacy","1","200","north_west","1966","1967","31512","32805","34141","NA","NA","9807","10694","34666","11694","11692","11694","34666","11694","32940","1967","31512","NA","New experiment","NA","no","yes","1680","NA","NA"
"NA","NA","right","yes","#646464","no","NA","right","NA","NA","legacy","NA","0","relative","0","0","4","4","4","NA","NA","0","0","4","0","0","0","4","0","4","0","4","NA","NA","Logs experimental data","NA","690","NA","no","mono","no","18","NA","white","1050","north_east","yes","NA","legacy","NA","south_west","NA","legacy","NA","NA","NA","0","NA","right","NA","space","space","right","998","NA","885","998","NA","NA","563","NA","NA","legacy","experiment","None","10","even","legacy","1","200","north_west","1966","1967","34703","36062","37453","NA","NA","9807","10694","37976","11694","11692","11694","37976","11694","36196","1967","34703","NA","New experiment","NA","no","yes","1680","NA","NA"
"NA","NA","right","yes","#646464","no","NA","right","NA","NA","legacy","NA","0","relative","0","0","5","5","5","NA","NA","0","0","5","0","0","0","5","0","5","0","5","NA","NA","Logs experimental data","NA","207","NA","no","mono","no","18","NA","white","1050","north_east","yes","NA","legacy","NA","south_west","NA","legacy","NA","NA","NA","0","NA","right","NA","space","space","right","998","NA","885","998","NA","NA","867","NA","NA","legacy","experiment","None","10","even","legacy","1","200","south_east","1966","1967","38012","39638","40845","NA","NA","9807","10694","41376","11694","11692","11694","41376","11694","39766","1967","38012","NA","New experiment","NA","no","yes","1680","NA","NA"
"NA","NA","left","yes","#646464","no","NA","left","NA","NA","legacy","NA","0","relative","0","0","6","6","6","NA","NA","0","0","6","0","0","0","6","0","6","0","6","NA","NA","Logs experimental data","NA","461","NA","no","mono","no","18","NA","white","1050","north_east","yes","NA","legacy","NA","south_west","NA","legacy","NA","NA","NA","0","NA","left","NA","space","space","left","998","NA","885","998","NA","NA","841","NA","NA","legacy","experiment","None","10","even","legacy","1","200","north_west","1966","1967","41412","42852","44292","NA","NA","9807","10694","44823","11694","11692","11694","44823","11694","42986","1967","41412","NA","New experiment","NA","no","yes","1680","NA","NA"
"NA","NA","right","yes","#646464","no","NA","right","NA","NA","legacy","NA","0","relative","0","0","7","7","7","NA","NA","0","0","7","0","0","0","7","0","7","0","7","NA","NA","Logs experimental data","NA","789","NA","no","mono","no","18","NA","white","1050","north_east","yes","NA","legacy","NA","south_west","NA","legacy","NA","NA","NA","0","NA","None","NA","space","space","None","998","NA","885","998","NA","NA","1002","NA","NA","legacy","experiment","None","10","even","legacy","0","200","south_east","1966","1967","44859","47541","49469","NA","NA","9807","10694","50000","11694","11692","11694","50000","11694","47676","1967","44859","NA","New experiment","NA","no","yes","1680","NA","NA"
"NA","NA","left","yes","#646464","no","NA","left","NA","NA","legacy","NA","0","relative","0","0","8","8","8","NA","NA","0","0","8","0","0","0","8","0","8","0","8","NA","NA","Logs experimental data","NA","377","NA","no","mono","no","18","NA","white","1050","north_east","yes","NA","legacy","NA","south_west","NA","legacy","NA","NA","NA","0","NA","left","NA","space","space","left","998","NA","885","998","NA","NA","655","NA","NA","legacy","experiment","None","10","even","legacy","1","200","south_east","1966","1967","50038","54724","55893","NA","NA","9807","10694","56420","11694","11692","11694","56420","11694","54857","1967","50037","NA","New experiment","NA","no","yes","1680","NA","NA"
"NA","NA","left","yes","#646464","no","NA","left","NA","NA","legacy","NA","0","relative","0","0","9","9","9","NA","NA","0","0","9","0","0","0","9","0","9","0","9","NA","NA","Logs experimental data","NA","790","NA","no","mono","no","18","NA","white","1050","north_east","yes","NA","legacy","NA","south_west","NA","legacy","NA","NA","NA","0","NA","left","NA","space","space","left","998","NA","885","998","NA","NA","668","NA","NA","legacy","experiment","None","10","even","legacy","1","200","north_east","1966","1967","56457","61445","63036","NA","NA","9807","10694","63566","11694","11692","11694","63566","11694","61575","1967","56457","NA","New experiment","NA","no","yes","1680","NA","NA"
"NA","NA","left","yes","#646464","no","NA","left","NA","NA","legacy","NA","0","relative","0","0","10","10","10","NA","NA","0","0","10","0","0","0","10","0","10","0","10","NA","NA","Logs experimental data","NA","745","NA","no","mono","no","18","NA","white","1050","north_east","yes","NA","legacy","NA","south_west","NA","legacy","NA","NA","NA","0","NA","left","NA","space","space","left","998","NA","885","998","NA","NA","689","NA","NA","legacy","experiment","None","10","even","legacy","1","200","south_west","1966","1967","63602","66070","67637","NA","NA","9807","10694","68164","11694","11692","11694","68164","11694","66198","1967","63601","NA","New experiment","NA","no","yes","1680","NA","NA"
"NA","NA","left","yes","#646464","no","NA","left","NA","NA","legacy","NA","0","relative","0","0","11","11","11","NA","NA","0","0","11","0","0","0","11","0","11","0","11","NA","NA","Logs experimental data","NA","470","NA","no","mono","no","18","NA","white","1050","north_east","yes","NA","legacy","NA","south_west","NA","legacy","NA","NA","NA","0","NA","left","NA","space","space","left","998","NA","885","998","NA","NA","584","NA","NA","legacy","experiment","None","10","even","legacy","1","200","north_west","1966","1967","68200","71380","72573","NA","NA","9807","10694","73105","11694","11692","11694","73105","11694","71514","1967","68199","NA","New experiment","NA","no","yes","1680","NA","NA"
"NA","NA","right","yes","#646464","no","NA","right","NA","NA","legacy","NA","0","relative","0","0","12","12","12","NA","NA","0","0","12","0","0","0","12","0","12","0","12","NA","NA","Logs experimental data","NA","757","NA","no","mono","no","18","NA","white","1050","north_east","yes","NA","legacy","NA","south_west","NA","legacy","NA","NA","NA","0","NA","right","NA","space","space","right","998","NA","885","998","NA","NA","380","NA","NA","legacy","experiment","None","10","even","legacy","1","200","south_east","1966","1967","73140","75318","76588","NA","NA","9807","10694","77120","11694","11692","11694","77120","11694","75447","1967","73140","NA","New experiment","NA","no","yes","1680","NA","NA"
"NA","NA","left","yes","#646464","no","NA","left","NA","NA","legacy","NA","0","relative","0","0","13","13","13","NA","NA","0","0","13","0","0","0","13","0","13","0","13","NA","NA","Logs experimental data","NA","445","NA","no","mono","no","18","NA","white","1050","north_east","yes","NA","legacy","NA","south_west","NA","legacy","NA","NA","NA","0","NA","left","NA","space","space","left","998","NA","885","998","NA","NA","558","NA","NA","legacy","experiment","None","10","even","legacy","1","200","south_east","1966","1967","77157","79622","80756","NA","NA","9807","10694","81273","11694","11692","11694","81273","11694","79750","1967","77157","NA","New experiment","NA","no","yes","1680","NA","NA"
"NA","NA","left","yes","#646464","no","NA","left","NA","NA","legacy","NA","0","relative","0","0","14","14","14","NA","NA","0","0","14","0","0","0","14","0","14","0","14","NA","NA","Logs experimental data","NA","234","NA","no","mono","no","18","NA","white","1050","north_east","yes","NA","legacy","NA","south_west","NA","legacy","NA","NA","NA","0","NA","left","NA","space","space","left","998","NA","885","998","NA","NA","562","NA","NA","legacy","experiment","None","10","even","legacy","1","200","south_west","1966","1967","81308","84402","85333","NA","NA","9807","10694","85861","11694","11692","11694","85861","11694","84533","1967","81308","NA","New experiment","NA","no","yes","1680","NA","NA"
"NA","NA","left","yes","#646464","no","NA","left","NA","NA","legacy","NA","0","relative","0","0","15","15","15","NA","NA","0","0","15","0","0","0","15","0","15","0","15","NA","NA","Logs experimental data","NA","652","NA","no","mono","no","18","NA","white","1050","north_east","yes","NA","legacy","NA","south_west","NA","legacy","NA","NA","NA","0","NA","left","NA","space","space","left","998","NA","885","998","NA","NA","761","NA","NA","legacy","experiment","None","10","even","legacy","1","200","north_west","1966","1967","85897","87382","88933","NA","NA","9807","10694","89461","11694","11692","11694","89461","11694","87515","1967","85896","NA","New experiment","NA","no","yes","1680","NA","NA"
"NA","NA","right","yes","#646464","no","NA","right","NA","NA","legacy","NA","0","relative","0","0","16","16","16","NA","NA","0","0","16","0","0","0","16","0","16","0","16","NA","NA","Logs experimental data","NA","796","NA","no","mono","no","18","NA","white","1050","north_east","yes","NA","legacy","NA","south_west","NA","legacy","NA","NA","NA","0","NA","right","NA","space","space","right","998","NA","885","998","NA","NA","812","NA","NA","legacy","experiment","None","10","even","legacy","1","200","south_west","1966","1967","89496","90475","92220","NA","NA","9807","10694","92746","11694","11692","11694","92746","11694","90608","1967","89496","NA","New experiment","NA","no","yes","1680","NA","NA"
"NA","NA","right","yes","#646464","no","NA","right","NA","NA","legacy","NA","0","relative","0","0","17","17","17","NA","NA","0","0","17","0","0","0","17","0","17","0","17","NA","NA","Logs experimental data","NA","567","NA","no","mono","no","18","NA","white","1050","north_east","yes","NA","legacy","NA","south_west","NA","legacy","NA","NA","NA","0","NA","right","NA","space","space","right","998","NA","885","998","NA","NA","771","NA","NA","legacy","experiment","None","10","even","legacy","1","200","south_west","1966","1967","92782","94083","95556","NA","NA","9807","10694","96085","11694","11692","11694","96085","11694","94213","1967","92782","NA","New experiment","NA","no","yes","1680","NA","NA"
"NA","NA","left","yes","#646464","no","NA","left","NA","NA","legacy","NA","0","relative","0","0","18","18","18","NA","NA","0","0","18","0","0","0","18","0","18","0","18","NA","NA","Logs experimental data","NA","750","NA","no","mono","no","18","NA","white","1050","north_east","yes","NA","legacy","NA","south_west","NA","legacy","NA","NA","NA","0","NA","left","NA","space","space","left","998","NA","885","998","NA","NA","663","NA","NA","legacy","experiment","None","10","even","legacy","1","200","north_west","1966","1967","96120","98717","100268","NA","NA","9807","10694","100794","11694","11692","11694","100794","11694","98850","1967","96120","NA","New experiment","NA","no","yes","1680","NA","NA"
"NA","NA","left","yes","#646464","no","NA","left","NA","NA","legacy","NA","0","relative","0","0","19","19","19","NA","NA","0","0","19","0","0","0","19","0","19","0","19","NA","NA","Logs experimental data","NA","389","NA","no","mono","no","18","NA","white","1050","north_east","yes","NA","legacy","NA","south_west","NA","legacy","NA","NA","NA","0","NA","left","NA","space","space","left","998","NA","885","998","NA","NA","696","NA","NA","legacy","experiment","None","10","even","legacy","1","200","south_east","1966","1967","100829","103814","105037","NA","NA","9807","10694","105567","11694","11692","11694","105567","11694","103947","1967","100829","NA","New experiment","NA","no","yes","1680","NA","NA"
"NA","NA","right","yes","#646464","no","NA","right","NA","NA","legacy","NA","0","relative","0","0","20","20","20","NA","NA","0","0","20","0","0","0","20","0","20","0","20","NA","NA","Logs experimental data","NA","772","NA","no","mono","no","18","NA","white","1050","north_east","yes","NA","legacy","NA","south_west","NA","legacy","NA","NA","NA","0","NA","right","NA","space","space","right","998","NA","885","998","NA","NA","527","NA","NA","legacy","experiment","None","10","even","legacy","1","200","north_east","1966","1967","105602","106581","108020","NA","NA","9807","10694","108538","11694","11692","11694","108538","11694","106716","1967","105602","NA","New experiment","NA","no","yes","1680","NA","NA"
"NA","NA","left","yes","#646464","no","NA","left","NA","NA","legacy","NA","0","relative","0","0","21","21","21","NA","NA","0","0","21","0","0","0","21","0","21","0","21","NA","NA","Logs experimental data","NA","511","NA","no","mono","no","18","NA","white","1050","north_east","yes","NA","legacy","NA","south_west","NA","legacy","NA","NA","NA","0","NA","left","NA","space","space","left","998","NA","885","998","NA","NA","612","NA","NA","legacy","experiment","None","10","even","legacy","1","200","north_west","1966","1967","108573","110758","112020","NA","NA","9807","10694","112549","11694","11692","11694","112549","11694","110893","1967","108573","NA","New experiment","NA","no","yes","1680","NA","NA"
"NA","NA","left","yes","#646464","no","NA","left","NA","NA","legacy","NA","0","relative","0","0","22","22","22","NA","NA","0","0","22","0","0","0","22","0","22","0","22","NA","NA","Logs experimental data","NA","550","NA","no","mono","no","18","NA","white","1050","north_east","yes","NA","legacy","NA","south_west","NA","legacy","NA","NA","NA","0","NA","left","NA","space","space","left","998","NA","885","998","NA","NA","733","NA","NA","legacy","experiment","None","10","even","legacy","1","200","south_east","1966","1967","112586","116645","118068","NA","NA","9807","10694","118597","11694","11692","11694","118597","11694","116779","1967","112586","NA","New experiment","NA","no","yes","1680","NA","NA"
"NA","NA","left","yes","#646464","no","NA","left","NA","NA","legacy","NA","0","relative","0","0","23","23","23","NA","NA","0","0","23","0","0","0","23","0","23","0","23","NA","NA","Logs experimental data","NA","238","NA","no","mono","no","18","NA","white","1050","north_east","yes","NA","legacy","NA","south_west","NA","legacy","NA","NA","NA","0","NA","left","NA","space","space","left","998","NA","885","998","NA","NA","510","NA","NA","legacy","experiment","None","10","even","legacy","1","200","south_east","1966","1967","118632","119397","120285","NA","NA","9807","10694","120811","11694","11692","11694","120811","11694","119531","1967","118632","NA","New experiment","NA","no","yes","1680","NA","NA"
"NA","NA","right","yes","#646464","no","NA","right","NA","NA","legacy","NA","0","relative","0","0","24","24","24","NA","NA","0","0","24","0","0","0","24","0","24","0","24","NA","NA","Logs experimental data","NA","799","NA","no","mono","no","18","NA","white","1050","north_east","yes","NA","legacy","NA","south_west","NA","legacy","NA","NA","NA","0","NA","None","NA","space","space","None","998","NA","885","998","NA","NA","1002","NA","NA","legacy","experiment","None","10","even","legacy","0","200","north_west","1966","1967","120846","122023","123957","NA","NA","9807","10694","124475","11694","11692","11694","124475","11694","122151","1967","120846","NA","New experiment","NA","no","yes","1680","NA","NA"
"NA","NA","right","yes","#646464","no","NA","right","NA","NA","legacy","NA","0","relative","0","0","25","25","25","NA","NA","0","0","25","0","0","0","25","0","25","0","25","NA","NA","Logs experimental data","NA","769","NA","no","mono","no","18","NA","white","1050","north_east","yes","NA","legacy","NA","south_west","NA","legacy","NA","NA","NA","0","NA","right","NA","space","space","right","998","NA","885","998","NA","NA","519","NA","NA","legacy","experiment","None","10","even","legacy","1","200","south_east","1966","1967","124510","125845","127268","NA","NA","9807","10694","127787","11694","11692","11694","127787","11694","125976","1967","124510","NA","New experiment","NA","no","yes","1680","NA","NA"
"NA","NA","right","yes","#646464","no","NA","right","NA","NA","legacy","NA","0","relative","0","0","26","26","26","NA","NA","0","0","26","0","0","0","26","0","26","0","26","NA","NA","Logs experimental data","NA","718","NA","no","mono","no","18","NA","white","1050","north_east","yes","NA","legacy","NA","south_west","NA","legacy","NA","NA","NA","0","NA","right","NA","space","space","right","998","NA","885","998","NA","NA","910","NA","NA","legacy","experiment","None","10","even","legacy","1","200","south_west","1966","1967","127823","137382","139148","NA","NA","9807","10694","139680","11694","11692","11694","139679","11694","137516","1967","127823","NA","New experiment","NA","no","yes","1680","NA","NA"
"NA","NA","right","yes","#646464","no","NA","right","NA","NA","legacy","NA","0","relative","0","0","27","27","27","NA","NA","0","0","27","0","0","0","27","0","27","0","27","NA","NA","Logs experimental data","NA","329","NA","no","mono","no","18","NA","white","1050","north_east","yes","NA","legacy","NA","south_west","NA","legacy","NA","NA","NA","0","NA","right","NA","space","space","right","998","NA","885","998","NA","NA","620","NA","NA","legacy","experiment","None","10","even","legacy","1","200","north_east","1966","1967","139715","150549","151636","NA","NA","9807","10694","152154","11694","11692","11694","152154","11694","150683","1967","139715","NA","New experiment","NA","no","yes","1680","NA","NA"
"NA","NA","left","yes","#646464","no","NA","left","NA","NA","legacy","NA","0","relative","0","0","28","28","28","NA","NA","0","0","28","0","0","0","28","0","28","0","28","NA","NA","Logs experimental data","NA","665","NA","no","mono","no","18","NA","white","1050","north_east","yes","NA","legacy","NA","south_west","NA","legacy","NA","NA","NA","0","NA","left","NA","space","space","left","998","NA","885","998","NA","NA","523","NA","NA","legacy","experiment","None","10","even","legacy","1","200","north_east","1966","1967","152190","158583","159908","NA","NA","9807","10694","160438","11694","11692","11694","160438","11694","158717","1967","152190","NA","New experiment","NA","no","yes","1680","NA","NA"
"NA","NA","right","yes","#646464","no","NA","right","NA","NA","legacy","NA","0","relative","0","0","29","29","29","NA","NA","0","0","29","0","0","0","29","0","29","0","29","NA","NA","Logs experimental data","NA","437","NA","no","mono","no","18","NA","white","1050","north_east","yes","NA","legacy","NA","south_west","NA","legacy","NA","NA","NA","0","NA","right","NA","space","space","right","998","NA","885","998","NA","NA","457","NA","NA","legacy","experiment","None","10","even","legacy","1","200","south_east","1966","1967","160474","164990","166020","NA","NA","9807","10694","166549","11694","11692","11694","166549","11694","165122","1967","160474","NA","New experiment","NA","no","yes","1680","NA","NA"
"NA","NA","left","yes","#646464","no","NA","left","NA","NA","legacy","NA","0","relative","0","0","30","30","30","NA","NA","0","0","30","0","0","0","30","0","30","0","30","NA","NA","Logs experimental data","NA","351","NA","no","mono","no","18","NA","white","1050","north_east","yes","NA","legacy","NA","south_west","NA","legacy","NA","NA","NA","0","NA","left","NA","space","space","left","998","NA","885","998","NA","NA","336","NA","NA","legacy","experiment","None","10","even","legacy","1","200","south_west","1966","1967","166586","169030","169851","NA","NA","9807","10694","170383","11694","11692","11694","170383","11694","169159","1967","166586","NA","New experiment","NA","no","yes","1680","NA","NA"
"NA","NA","left","yes","#646464","no","NA","left","NA","NA","legacy","NA","0","relative","0","0","31","31","31","NA","NA","0","0","31","0","0","0","31","0","31","0","31","NA","NA","Logs experimental data","NA","248","NA","no","mono","no","18","NA","white","1050","north_east","yes","NA","legacy","NA","south_west","NA","legacy","NA","NA","NA","0","NA","right","NA","space","space","right","998","NA","885","998","NA","NA","408","NA","NA","legacy","experiment","None","10","even","legacy","0","200","south_east","1966","1967","170419","171399","172189","NA","NA","9807","10694","172720","11694","11692","11694","172720","11694","171528","1967","170419","NA","New experiment","NA","no","yes","1680","NA","NA"
"NA","NA","right","yes","#646464","no","NA","right","NA","NA","legacy","NA","0","relative","0","0","32","32","32","NA","NA","0","0","32","0","0","0","32","0","32","0","32","NA","NA","Logs experimental data","NA","759","NA","no","mono","no","18","NA","white","1050","north_east","yes","NA","legacy","NA","south_west","NA","legacy","NA","NA","NA","0","NA","right","NA","space","space","right","998","NA","885","998","NA","NA","430","NA","NA","legacy","experiment","None","10","even","legacy","1","200","south_west","1966","1967","172756","175590","176916","NA","NA","9807","10694","177446","11694","11692","11694","177446","11694","175723","1967","172756","NA","New experiment","NA","no","yes","1680","NA","NA"
"NA","NA","left","yes","#646464","no","NA","left","NA","NA","legacy","NA","0","relative","0","0","33","33","33","NA","NA","0","0","33","0","0","0","33","0","33","0","33","NA","NA","Logs experimental data","NA","583","NA","no","mono","no","18","NA","white","1050","north_east","yes","NA","legacy","NA","south_west","NA","legacy","NA","NA","NA","0","NA","left","NA","space","space","left","998","NA","885","998","NA","NA","444","NA","NA","legacy","experiment","None","10","even","legacy","1","200","north_east","1966","1967","177482","178565","179732","NA","NA","9807","10694","180261","11694","11692","11694","180261","11694","178700","1967","177482","NA","New experiment","NA","no","yes","1680","NA","NA"
"NA","NA","right","yes","#646464","no","NA","right","NA","NA","legacy","NA","0","relative","0","0","34","34","34","NA","NA","0","0","34","0","0","0","34","0","34","0","34","NA","NA","Logs experimental data","NA","288","NA","no","mono","no","18","NA","white","1050","north_east","yes","NA","legacy","NA","south_west","NA","legacy","NA","NA","NA","0","NA","right","NA","space","space","right","998","NA","885","998","NA","NA","561","NA","NA","legacy","experiment","None","10","even","legacy","1","200","north_west","1966","1967","180297","181075","182060","NA","NA","9807","10694","182591","11694","11692","11694","182591","11694","181206","1967","180297","NA","New experiment","NA","no","yes","1680","NA","NA"
"NA","NA","left","yes","#646464","no","NA","left","NA","NA","legacy","NA","0","relative","0","0","35","35","35","NA","NA","0","0","35","0","0","0","35","0","35","0","35","NA","NA","Logs experimental data","NA","640","NA","no","mono","no","18","NA","white","1050","north_east","yes","NA","legacy","NA","south_west","NA","legacy","NA","NA","NA","0","NA","left","NA","space","space","left","998","NA","885","998","NA","NA","584","NA","NA","legacy","experiment","None","10","even","legacy","1","200","south_east","1966","1967","182627","183701","185059","NA","NA","9807","10694","185578","11694","11692","11694","185578","11694","183831","1967","182627","NA","New experiment","NA","no","yes","1680","NA","NA"
"NA","NA","right","yes","#646464","no","NA","right","NA","NA","legacy","NA","0","relative","0","0","36","36","36","NA","NA","0","0","36","0","0","0","36","0","36","0","36","NA","NA","Logs experimental data","NA","616","NA","no","mono","no","18","NA","white","1050","north_east","yes","NA","legacy","NA","south_west","NA","legacy","NA","NA","NA","0","NA","right","NA","space","space","right","998","NA","885","998","NA","NA","372","NA","NA","legacy","experiment","None","10","even","legacy","1","200","south_east","1966","1967","185614","186582","187707","NA","NA","9807","10694","188239","11694","11692","11694","188239","11694","186715","1967","185614","NA","New experiment","NA","no","yes","1680","NA","NA"
"NA","NA","right","yes","#646464","no","NA","right","NA","NA","legacy","NA","0","relative","0","0","37","37","37","NA","NA","0","0","37","0","0","0","37","0","37","0","37","NA","NA","Logs experimental data","NA","340","NA","no","mono","no","18","NA","white","1050","north_east","yes","NA","legacy","NA","south_west","NA","legacy","NA","NA","NA","0","NA","right","NA","space","space","right","998","NA","885","998","NA","NA","583","NA","NA","legacy","experiment","None","10","even","legacy","1","200","south_west","1966","1967","188276","189639","190700","NA","NA","9807","10694","191231","11694","11692","11694","191231","11694","189774","1967","188276","NA","New experiment","NA","no","yes","1680","NA","NA"
"NA","NA","right","yes","#646464","no","NA","right","NA","NA","legacy","NA","0","relative","0","0","38","38","38","NA","NA","0","0","38","0","0","0","38","0","38","0","38","NA","NA","Logs experimental data","NA","518","NA","no","mono","no","18","NA","white","1050","north_east","yes","NA","legacy","NA","south_west","NA","legacy","NA","NA","NA","0","NA","right","NA","space","space","right","998","NA","885","998","NA","NA","578","NA","NA","legacy","experiment","None","10","even","legacy","1","200","north_east","1966","1967","191267","192661","193892","NA","NA","9807","10694","194411","11694","11692","11694","194411","11694","192792","1967","191267","NA","New experiment","NA","no","yes","1680","NA","NA"
"NA","NA","right","yes","#646464","no","NA","right","NA","NA","legacy","NA","0","relative","0","0","39","39","39","NA","NA","0","0","39","0","0","0","39","0","39","0","39","NA","NA","Logs experimental data","NA","745","NA","no","mono","no","18","NA","white","1050","north_east","yes","NA","legacy","NA","south_west","NA","legacy","NA","NA","NA","0","NA","right","NA","space","space","right","998","NA","885","998","NA","NA","649","NA","NA","legacy","experiment","None","10","even","legacy","1","200","south_west","1966","1967","194447","196174","197708","NA","NA","9807","10694","198238","11694","11692","11694","198238","11694","196309","1967","194447","NA","New experiment","NA","no","yes","1680","NA","NA"
"NA","NA","left","yes","#646464","no","NA","left","NA","NA","legacy","NA","0","relative","0","0","40","40","40","NA","NA","0","0","40","0","0","0","40","0","40","0","40","NA","NA","Logs experimental data","NA","304","NA","no","mono","no","18","NA","white","1050","north_east","yes","NA","legacy","NA","south_west","NA","legacy","NA","NA","NA","0","NA","left","NA","space","space","left","998","NA","885","998","NA","NA","859","NA","NA","legacy","experiment","None","10","even","legacy","1","200","south_east","1966","1967","198274","202806","204107","NA","NA","9807","10694","204635","11694","11692","11694","204635","11694","202940","1967","198274","NA","New experiment","NA","no","yes","1680","NA","NA"
"NA","NA","right","yes","#646464","no","NA","right","NA","NA","legacy","NA","0","relative","0","0","41","41","41","NA","NA","0","0","41","0","0","0","41","0","41","0","41","NA","NA","Logs experimental data","NA","582","NA","no","mono","no","18","NA","white","1050","north_east","yes","NA","legacy","NA","south_west","NA","legacy","NA","NA","NA","0","NA","right","NA","space","space","right","998","NA","885","998","NA","NA","631","NA","NA","legacy","experiment","None","10","even","legacy","1","200","north_west","1966","1967","204671","206301","207652","NA","NA","9807","10694","208182","11694","11692","11694","208182","11694","206436","1967","204671","NA","New experiment","NA","no","yes","1680","NA","NA"
"NA","NA","left","yes","#646464","no","NA","left","NA","NA","legacy","NA","0","relative","0","0","42","42","42","NA","NA","0","0","42","0","0","0","42","0","42","0","42","NA","NA","Logs experimental data","NA","586","NA","no","mono","no","18","NA","white","1050","north_east","yes","NA","legacy","NA","south_west","NA","legacy","NA","NA","NA","0","NA","left","NA","space","space","left","998","NA","885","998","NA","NA","461","NA","NA","legacy","experiment","None","10","even","legacy","1","200","south_west","1966","1967","208218","212389","213572","NA","NA","9807","10694","214103","11694","11692","11694","214103","11694","212520","1967","208218","NA","New experiment","NA","no","yes","1680","NA","NA"
"NA","NA","left","yes","#646464","no","NA","left","NA","NA","legacy","NA","0","relative","0","0","43","43","43","NA","NA","0","0","43","0","0","0","43","0","43","0","43","NA","NA","Logs experimental data","NA","769","NA","no","mono","no","18","NA","white","1050","north_east","yes","NA","legacy","NA","south_west","NA","legacy","NA","NA","NA","0","NA","left","NA","space","space","left","998","NA","885","998","NA","NA","553","NA","NA","legacy","experiment","None","10","even","legacy","1","200","north_west","1966","1967","214138","215831","217291","NA","NA","9807","10694","217819","11694","11692","11694","217819","11694","215965","1967","214138","NA","New experiment","NA","no","yes","1680","NA","NA"
"NA","NA","right","yes","#646464","no","NA","right","NA","NA","legacy","NA","0","relative","0","0","44","44","44","NA","NA","0","0","44","0","0","0","44","0","44","0","44","NA","NA","Logs experimental data","NA","233","NA","no","mono","no","18","NA","white","1050","north_east","yes","NA","legacy","NA","south_west","NA","legacy","NA","NA","NA","0","NA","right","NA","space","space","right","998","NA","885","998","NA","NA","553","NA","NA","legacy","experiment","None","10","even","legacy","1","200","north_east","1966","1967","217856","219031","219955","NA","NA","9807","10694","220475","11694","11692","11694","220475","11694","219166","1967","217856","NA","New experiment","NA","no","yes","1680","NA","NA"
"NA","NA","left","yes","#646464","no","NA","left","NA","NA","legacy","NA","0","relative","0","0","45","45","45","NA","NA","0","0","45","0","0","0","45","0","45","0","45","NA","NA","Logs experimental data","NA","251","NA","no","mono","no","18","NA","white","1050","north_east","yes","NA","legacy","NA","south_west","NA","legacy","NA","NA","NA","0","NA","left","NA","space","space","left","998","NA","885","998","NA","NA","515","NA","NA","legacy","experiment","None","10","even","legacy","1","200","south_east","1966","1967","220510","222029","222931","NA","NA","9807","10694","223460","11694","11692","11694","223460","11694","222162","1967","220510","NA","New experiment","NA","no","yes","1680","NA","NA"
"NA","NA","left","yes","#646464","no","NA","left","NA","NA","legacy","NA","0","relative","0","0","46","46","46","NA","NA","0","0","46","0","0","0","46","0","46","0","46","NA","NA","Logs experimental data","NA","353","NA","no","mono","no","18","NA","white","1050","north_east","yes","NA","legacy","NA","south_west","NA","legacy","NA","NA","NA","0","NA","left","NA","space","space","left","998","NA","885","998","NA","NA","517","NA","NA","legacy","experiment","None","10","even","legacy","1","200","north_west","1966","1967","223495","224558","225564","NA","NA","9807","10694","226091","11694","11692","11694","226091","11694","224690","1967","223495","NA","New experiment","NA","no","yes","1680","NA","NA"
"NA","NA","left","yes","#646464","no","NA","left","NA","NA","legacy","NA","0","relative","0","0","47","47","47","NA","NA","0","0","47","0","0","0","47","0","47","0","47","NA","NA","Logs experimental data","NA","412","NA","no","mono","no","18","NA","white","1050","north_east","yes","NA","legacy","NA","south_west","NA","legacy","NA","NA","NA","0","NA","left","NA","space","space","left","998","NA","885","998","NA","NA","597","NA","NA","legacy","experiment","None","10","even","legacy","1","200","south_east","1966","1967","226126","226998","228156","NA","NA","9807","10694","228683","11694","11692","11694","228683","11694","227142","1967","226126","NA","New experiment","NA","no","yes","1680","NA","NA"
"NA","NA","left","yes","#646464","no","NA","left","NA","NA","legacy","NA","0","relative","0","0","48","48","48","NA","NA","0","0","48","0","0","0","48","0","48","0","48","NA","NA","Logs experimental data","NA","727","NA","no","mono","no","18","NA","white","1050","north_east","yes","NA","legacy","NA","south_west","NA","legacy","NA","NA","NA","0","NA","left","NA","space","space","left","998","NA","885","998","NA","NA","575","NA","NA","legacy","experiment","None","10","even","legacy","1","200","south_east","1966","1967","228718","230123","231563","NA","NA","9807","10694","232094","11694","11692","11694","232094","11694","230256","1967","228718","NA","New experiment","NA","no","yes","1680","NA","NA"
"NA","NA","left","yes","#646464","no","NA","left","NA","NA","legacy","NA","0","relative","0","0","49","49","49","NA","NA","0","0","49","0","0","0","49","0","49","0","49","NA","NA","Logs experimental data","NA","317","NA","no","mono","no","18","NA","white","1050","north_east","yes","NA","legacy","NA","south_west","NA","legacy","NA","NA","NA","0","NA","left","NA","space","space","left","998","NA","885","998","NA","NA","508","NA","NA","legacy","experiment","None","10","even","legacy","1","200","north_east","1966","1967","232129","232870","233835","NA","NA","9807","10694","234366","11694","11692","11694","234366","11694","233006","1967","232129","NA","New experiment","NA","no","yes","1680","NA","NA"
"NA","NA","left","yes","#646464","no","NA","left","NA","NA","legacy","NA","0","relative","0","0","50","50","50","NA","NA","0","0","50","0","0","0","50","0","50","0","50","NA","NA","Logs experimental data","NA","309","NA","no","mono","no","18","NA","white","1050","north_east","yes","NA","legacy","NA","south_west","NA","legacy","NA","NA","NA","0","NA","left","NA","space","space","left","998","NA","885","998","NA","NA","629","NA","NA","legacy","experiment","None","10","even","legacy","1","200","north_east","1966","1967","234401","235190","236267","NA","NA","9807","10694","236796","11694","11692","11694","236796","11694","235324","1967","234401","NA","New experiment","NA","no","yes","1680","NA","NA"
"NA","NA","right","yes","#646464","no","NA","right","NA","NA","legacy","NA","0","relative","0","0","51","51","51","NA","NA","0","0","51","0","0","0","51","0","51","0","51","NA","NA","Logs experimental data","NA","414","NA","no","mono","no","18","NA","white","1050","north_east","yes","NA","legacy","NA","south_west","NA","legacy","NA","NA","NA","0","NA","right","NA","space","space","right","998","NA","885","998","NA","NA","742","NA","NA","legacy","experiment","None","10","even","legacy","1","200","south_east","1966","1967","236831","237463","238755","NA","NA","9807","10694","239287","11694","11692","11694","239287","11694","237595","1967","236831","NA","New experiment","NA","no","yes","1680","NA","NA"
"NA","NA","right","yes","#646464","no","NA","right","NA","NA","legacy","NA","0","relative","0","0","52","52","52","NA","NA","0","0","52","0","0","0","52","0","52","0","52","NA","NA","Logs experimental data","NA","719","NA","no","mono","no","18","NA","white","1050","north_east","yes","NA","legacy","NA","south_west","NA","legacy","NA","NA","NA","0","NA","right","NA","space","space","right","998","NA","885","998","NA","NA","517","NA","NA","legacy","experiment","None","10","even","legacy","1","200","north_west","1966","1967","239322","239894","241267","NA","NA","9807","10694","241789","11694","11692","11694","241789","11694","240027","1967","239322","NA","New experiment","NA","no","yes","1680","NA","NA"
"NA","NA","right","yes","#646464","no","NA","right","NA","NA","legacy","NA","0","relative","0","0","53","53","53","NA","NA","0","0","53","0","0","0","53","0","53","0","53","NA","NA","Logs experimental data","NA","237","NA","no","mono","no","18","NA","white","1050","north_east","yes","NA","legacy","NA","south_west","NA","legacy","NA","NA","NA","0","NA","right","NA","space","space","right","998","NA","885","998","NA","NA","626","NA","NA","legacy","experiment","None","10","even","legacy","1","200","north_east","1966","1967","241826","242454","243452","NA","NA","9807","10694","243980","11694","11692","11694","243980","11694","242585","1967","241825","NA","New experiment","NA","no","yes","1680","NA","NA"
"NA","NA","left","yes","#646464","no","NA","left","NA","NA","legacy","NA","0","relative","0","0","54","54","54","NA","NA","0","0","54","0","0","0","54","0","54","0","54","NA","NA","Logs experimental data","NA","335","NA","no","mono","no","18","NA","white","1050","north_east","yes","NA","legacy","NA","south_west","NA","legacy","NA","NA","NA","0","NA","left","NA","space","space","left","998","NA","885","998","NA","NA","536","NA","NA","legacy","experiment","None","10","even","legacy","1","200","north_east","1966","1967","244017","245126","246131","NA","NA","9807","10694","246652","11694","11692","11694","246652","11694","245257","1967","244017","NA","New experiment","NA","no","yes","1680","NA","NA"
"NA","NA","right","yes","#646464","no","NA","right","NA","NA","legacy","NA","0","relative","0","0","55","55","55","NA","NA","0","0","55","0","0","0","55","0","55","0","55","NA","NA","Logs experimental data","NA","490","NA","no","mono","no","18","NA","white","1050","north_east","yes","NA","legacy","NA","south_west","NA","legacy","NA","NA","NA","0","NA","right","NA","space","space","right","998","NA","885","998","NA","NA","470","NA","NA","legacy","experiment","None","10","even","legacy","1","200","north_east","1966","1967","246687","248358","249451","NA","NA","9807","10694","249979","11694","11692","11694","249979","11694","248487","1967","246687","NA","New experiment","NA","no","yes","1680","NA","NA"
"NA","NA","left","yes","#646464","no","NA","left","NA","NA","legacy","NA","0","relative","0","0","56","56","56","NA","NA","0","0","56","0","0","0","56","0","56","0","56","NA","NA","Logs experimental data","NA","659","NA","no","mono","no","18","NA","white","1050","north_east","yes","NA","legacy","NA","south_west","NA","legacy","NA","NA","NA","0","NA","left","NA","space","space","left","998","NA","885","998","NA","NA","640","NA","NA","legacy","experiment","None","10","even","legacy","1","200","north_west","1966","1967","250016","250918","252355","NA","NA","9807","10694","252875","11694","11692","11694","252875","11694","251052","1967","250016","NA","New experiment","NA","no","yes","1680","NA","NA"
"NA","NA","left","yes","#646464","no","NA","left","NA","NA","legacy","NA","0","relative","0","0","57","57","57","NA","NA","0","0","57","0","0","0","57","0","57","0","57","NA","NA","Logs experimental data","NA","686","NA","no","mono","no","18","NA","white","1050","north_east","yes","NA","legacy","NA","south_west","NA","legacy","NA","NA","NA","0","NA","left","NA","space","space","left","998","NA","885","998","NA","NA","678","NA","NA","legacy","experiment","None","10","even","legacy","1","200","north_east","1966","1967","252910","253590","255091","NA","NA","9807","10694","255611","11694","11692","11694","255611","11694","253723","1967","252910","NA","New experiment","NA","no","yes","1680","NA","NA"
"NA","NA","left","yes","#646464","no","NA","left","NA","NA","legacy","NA","0","relative","0","0","58","58","58","NA","NA","0","0","58","0","0","0","58","0","58","0","58","NA","NA","Logs experimental data","NA","279","NA","no","mono","no","18","NA","white","1050","north_east","yes","NA","legacy","NA","south_west","NA","legacy","NA","NA","NA","0","NA","None","NA","space","space","None","998","NA","885","998","NA","NA","1002","NA","NA","legacy","experiment","None","10","even","legacy","0","200","south_west","1966","1967","255646","256182","257602","NA","NA","9807","10694","258132","11694","11692","11694","258132","11694","256316","1967","255646","NA","New experiment","NA","no","yes","1680","NA","NA"
"NA","NA","right","yes","#646464","no","NA","right","NA","NA","legacy","NA","0","relative","0","0","59","59","59","NA","NA","0","0","59","0","0","0","59","0","59","0","59","NA","NA","Logs experimental data","NA","753","NA","no","mono","no","18","NA","white","1050","north_east","yes","NA","legacy","NA","south_west","NA","legacy","NA","NA","NA","0","NA","right","NA","space","space","right","998","NA","885","998","NA","NA","609","NA","NA","legacy","experiment","None","10","even","legacy","1","200","south_west","1966","1967","258167","260359","261860","NA","NA","9807","10694","262381","11694","11692","11694","262381","11694","260493","1967","258167","NA","New experiment","NA","no","yes","1680","NA","NA"
"NA","NA","left","yes","#646464","no","NA","left","NA","NA","legacy","NA","0","relative","0","0","60","60","60","NA","NA","0","0","60","0","0","0","60","0","60","0","60","NA","NA","Logs experimental data","NA","354","NA","no","mono","no","18","NA","white","1050","north_east","yes","NA","legacy","NA","south_west","NA","legacy","NA","NA","NA","0","NA","left","NA","space","space","left","998","NA","885","998","NA","NA","499","NA","NA","legacy","experiment","None","10","even","legacy","1","200","north_west","1966","1967","262416","262876","263867","NA","NA","9807","10694","264399","11694","11692","11694","264399","11694","263010","1967","262416","NA","New experiment","NA","no","yes","1680","NA","NA"
"NA","NA","right","yes","#646464","no","NA","right","NA","NA","legacy","NA","0","relative","0","0","61","61","61","NA","NA","0","0","61","0","0","0","61","0","61","0","61","NA","NA","Logs experimental data","NA","595","NA","no","mono","no","18","NA","white","1050","north_east","yes","NA","legacy","NA","south_west","NA","legacy","NA","NA","NA","0","NA","right","NA","space","space","right","998","NA","885","998","NA","NA","574","NA","NA","legacy","experiment","None","10","even","legacy","1","200","north_east","1966","1967","264434","265206","266515","NA","NA","9807","10694","267036","11694","11692","11694","267036","11694","265341","1967","264434","NA","New experiment","NA","no","yes","1680","NA","NA"
"NA","NA","left","yes","#646464","no","NA","left","NA","NA","legacy","NA","0","relative","0","0","62","62","62","NA","NA","0","0","62","0","0","0","62","0","62","0","62","NA","NA","Logs experimental data","NA","412","NA","no","mono","no","18","NA","white","1050","north_east","yes","NA","legacy","NA","south_west","NA","legacy","NA","NA","NA","0","NA","left","NA","space","space","left","998","NA","885","998","NA","NA","532","NA","NA","legacy","experiment","None","10","even","legacy","1","200","north_east","1966","1967","267071","267684","268763","NA","NA","9807","10694","269294","11694","11692","11694","269294","11694","267815","1967","267071","NA","New experiment","NA","no","yes","1680","NA","NA"
"NA","NA","left","yes","#646464","no","NA","left","NA","NA","legacy","NA","0","relative","0","0","63","63","63","NA","NA","0","0","63","0","0","0","63","0","63","0","63","NA","NA","Logs experimental data","NA","523","NA","no","mono","no","18","NA","white","1050","north_east","yes","NA","legacy","NA","south_west","NA","legacy","NA","NA","NA","0","NA","left","NA","space","space","left","998","NA","885","998","NA","NA","609","NA","NA","legacy","experiment","None","10","even","legacy","1","200","south_west","1966","1967","269329","269996","271267","NA","NA","9807","10694","271787","11694","11692","11694","271787","11694","270130","1967","269329","NA","New experiment","NA","no","yes","1680","NA","NA"
"NA","NA","right","yes","#646464","no","NA","right","NA","NA","legacy","NA","0","relative","0","0","64","64","64","NA","NA","0","0","64","0","0","0","64","0","64","0","64","NA","NA","Logs experimental data","NA","604","NA","no","mono","no","18","NA","white","1050","north_east","yes","NA","legacy","NA","south_west","NA","legacy","NA","NA","NA","0","NA","right","NA","space","space","right","998","NA","885","998","NA","NA","378","NA","NA","legacy","experiment","None","10","even","legacy","1","200","south_east","1966","1967","271824","272780","273899","NA","NA","9807","10694","274430","11694","11692","11694","274430","11694","272912","1967","271823","NA","New experiment","NA","no","yes","1680","NA","NA"
"NA","NA","right","yes","#646464","no","NA","right","NA","NA","legacy","NA","0","relative","0","0","65","65","65","NA","NA","0","0","65","0","0","0","65","0","65","0","65","NA","NA","Logs experimental data","NA","217","NA","no","mono","no","18","NA","white","1050","north_east","yes","NA","legacy","NA","south_west","NA","legacy","NA","NA","NA","0","NA","right","NA","space","space","right","998","NA","885","998","NA","NA","600","NA","NA","legacy","experiment","None","10","even","legacy","1","200","north_west","1966","1967","274466","275142","276099","NA","NA","9807","10694","276621","11694","11692","11694","276621","11694","275276","1967","274466","NA","New experiment","NA","no","yes","1680","NA","NA"
"NA","NA","left","yes","#646464","no","NA","left","NA","NA","legacy","NA","0","relative","0","0","66","66","66","NA","NA","0","0","66","0","0","0","66","0","66","0","66","NA","NA","Logs experimental data","NA","784","NA","no","mono","no","18","NA","white","1050","north_east","yes","NA","legacy","NA","south_west","NA","legacy","NA","NA","NA","0","NA","left","NA","space","space","left","998","NA","885","998","NA","NA","539","NA","NA","legacy","experiment","None","10","even","legacy","1","200","south_west","1966","1967","276658","277325","278787","NA","NA","9807","10694","279308","11694","11692","11694","279308","11694","277461","1967","276658","NA","New experiment","NA","no","yes","1680","NA","NA"
"NA","NA","right","yes","#646464","no","NA","right","NA","NA","legacy","NA","0","relative","0","0","67","67","67","NA","NA","0","0","67","0","0","0","67","0","67","0","67","NA","NA","Logs experimental data","NA","479","NA","no","mono","no","18","NA","white","1050","north_east","yes","NA","legacy","NA","south_west","NA","legacy","NA","NA","NA","0","NA","right","NA","space","space","right","998","NA","885","998","NA","NA","386","NA","NA","legacy","experiment","None","10","even","legacy","1","200","south_east","1966","1967","279343","281608","282611","NA","NA","9807","10694","283142","11694","11692","11694","283142","11694","281742","1967","279343","NA","New experiment","NA","no","yes","1680","NA","NA"
"NA","NA","left","yes","#646464","no","NA","left","NA","NA","legacy","NA","0","relative","0","0","68","68","68","NA","NA","0","0","68","0","0","0","68","0","68","0","68","NA","NA","Logs experimental data","NA","571","NA","no","mono","no","18","NA","white","1050","north_east","yes","NA","legacy","NA","south_west","NA","legacy","NA","NA","NA","0","NA","left","NA","space","space","left","998","NA","885","998","NA","NA","565","NA","NA","legacy","experiment","None","10","even","legacy","1","200","south_east","1966","1967","283177","284821","286091","NA","NA","9807","10694","286622","11694","11692","11694","286622","11694","284952","1967","283177","NA","New experiment","NA","no","yes","1680","NA","NA"
"NA","NA","right","yes","#646464","no","NA","right","NA","NA","legacy","NA","0","relative","0","0","69","69","69","NA","NA","0","0","69","0","0","0","69","0","69","0","69","NA","NA","Logs experimental data","NA","358","NA","no","mono","no","18","NA","white","1050","north_east","yes","NA","legacy","NA","south_west","NA","legacy","NA","NA","NA","0","NA","right","NA","space","space","right","998","NA","885","998","NA","NA","532","NA","NA","legacy","experiment","None","10","even","legacy","1","200","south_east","1966","1967","286657","287447","288475","NA","NA","9807","10694","289007","11694","11692","11694","289007","11694","287581","1967","286657","NA","New experiment","NA","no","yes","1680","NA","NA"
"NA","NA","right","yes","#646464","no","NA","right","NA","NA","legacy","NA","0","relative","0","0","70","70","70","NA","NA","0","0","70","0","0","0","70","0","70","0","70","NA","NA","Logs experimental data","NA","402","NA","no","mono","no","18","NA","white","1050","north_east","yes","NA","legacy","NA","south_west","NA","legacy","NA","NA","NA","0","NA","right","NA","space","space","right","998","NA","885","998","NA","NA","633","NA","NA","legacy","experiment","None","10","even","legacy","1","200","north_east","1966","1967","289043","289590","290763","NA","NA","9807","10694","291291","11694","11692","11694","291291","11694","289724","1967","289043","NA","New experiment","NA","no","yes","1680","NA","NA"
"NA","NA","right","yes","#646464","no","NA","right","NA","NA","legacy","NA","0","relative","0","0","71","71","71","NA","NA","0","0","71","0","0","0","71","0","71","0","71","NA","NA","Logs experimental data","NA","506","NA","no","mono","no","18","NA","white","1050","north_east","yes","NA","legacy","NA","south_west","NA","legacy","NA","NA","NA","0","NA","right","NA","space","space","right","998","NA","885","998","NA","NA","513","NA","NA","legacy","experiment","None","10","even","legacy","1","200","south_east","1966","1967","291327","293575","294731","NA","NA","9807","10694","295264","11694","11692","11694","295264","11694","293709","1967","291327","NA","New experiment","NA","no","yes","1680","NA","NA"
"NA","NA","right","yes","#646464","no","NA","right","NA","NA","legacy","NA","0","relative","0","0","72","72","72","NA","NA","0","0","72","0","0","0","72","0","72","0","72","NA","NA","Logs experimental data","NA","785","NA","no","mono","no","18","NA","white","1050","north_east","yes","NA","legacy","NA","south_west","NA","legacy","NA","NA","NA","0","NA","right","NA","space","space","right","998","NA","885","998","NA","NA","524","NA","NA","legacy","experiment","None","10","even","legacy","1","200","south_east","1966","1967","295299","295900","297347","NA","NA","9807","10694","297879","11694","11692","11694","297878","11694","296034","1967","295299","NA","New experiment","NA","no","yes","1680","NA","NA"
"NA","NA","right","yes","#646464","no","NA","right","NA","NA","legacy","NA","0","relative","0","0","73","73","73","NA","NA","0","0","73","0","0","0","73","0","73","0","73","NA","NA","Logs experimental data","NA","653","NA","no","mono","no","18","NA","white","1050","north_east","yes","NA","legacy","NA","south_west","NA","legacy","NA","NA","NA","0","NA","right","NA","space","space","right","998","NA","885","998","NA","NA","561","NA","NA","legacy","experiment","None","10","even","legacy","1","200","south_west","1966","1967","297914","298572","299923","NA","NA","9807","10694","300455","11694","11692","11694","300454","11694","298706","1967","297914","NA","New experiment","NA","no","yes","1680","NA","NA"
"NA","NA","left","yes","#646464","no","NA","left","NA","NA","legacy","NA","0","relative","0","0","74","74","74","NA","NA","0","0","74","0","0","0","74","0","74","0","74","NA","NA","Logs experimental data","NA","672","NA","no","mono","no","18","NA","white","1050","north_east","yes","NA","legacy","NA","south_west","NA","legacy","NA","NA","NA","0","NA","None","NA","space","space","None","998","NA","885","998","NA","NA","1002","NA","NA","legacy","experiment","None","10","even","legacy","0","200","south_west","1966","1967","300490","300996","302806","NA","NA","9807","10694","303325","11694","11692","11694","303324","11694","301126","1967","300490","NA","New experiment","NA","no","yes","1680","NA","NA"
"NA","NA","right","yes","#646464","no","NA","right","NA","NA","legacy","NA","0","relative","0","0","75","75","75","NA","NA","0","0","75","0","0","0","75","0","75","0","75","NA","NA","Logs experimental data","NA","776","NA","no","mono","no","18","NA","white","1050","north_east","yes","NA","legacy","NA","south_west","NA","legacy","NA","NA","NA","0","NA","right","NA","space","space","right","998","NA","885","998","NA","NA","468","NA","NA","legacy","experiment","None","10","even","legacy","1","200","north_west","1966","1967","303360","304604","305987","NA","NA","9807","10694","306517","11694","11692","11694","306517","11694","304738","1967","303360","NA","New experiment","NA","no","yes","1680","NA","NA"
"NA","NA","right","yes","#646464","no","NA","right","NA","NA","legacy","NA","0","relative","0","0","76","76","76","NA","NA","0","0","76","0","0","0","76","0","76","0","76","NA","NA","Logs experimental data","NA","322","NA","no","mono","no","18","NA","white","1050","north_east","yes","NA","legacy","NA","south_west","NA","legacy","NA","NA","NA","0","NA","right","NA","space","space","right","998","NA","885","998","NA","NA","398","NA","NA","legacy","experiment","None","10","even","legacy","1","200","north_west","1966","1967","306553","307781","308634","NA","NA","9807","10694","309165","11694","11692","11694","309165","11694","307910","1967","306553","NA","New experiment","NA","no","yes","1680","NA","NA"
"NA","NA","left","yes","#646464","no","NA","left","NA","NA","legacy","NA","0","relative","0","0","77","77","77","NA","NA","0","0","77","0","0","0","77","0","77","0","77","NA","NA","Logs experimental data","NA","265","NA","no","mono","no","18","NA","white","1050","north_east","yes","NA","legacy","NA","south_west","NA","legacy","NA","NA","NA","0","NA","right","NA","space","space","right","998","NA","885","998","NA","NA","602","NA","NA","legacy","experiment","None","10","even","legacy","0","200","north_east","1966","1967","309202","310390","311396","NA","NA","9807","10694","311927","11694","11692","11694","311927","11694","310524","1967","309201","NA","New experiment","NA","no","yes","1680","NA","NA"
"NA","NA","left","yes","#646464","no","NA","left","NA","NA","legacy","NA","0","relative","0","0","78","78","78","NA","NA","0","0","78","0","0","0","78","0","78","0","78","NA","NA","Logs experimental data","NA","242","NA","no","mono","no","18","NA","white","1050","north_east","yes","NA","legacy","NA","south_west","NA","legacy","NA","NA","NA","0","NA","left","NA","space","space","left","998","NA","885","998","NA","NA","537","NA","NA","legacy","experiment","None","10","even","legacy","1","200","north_west","1966","1967","311964","314375","315291","NA","NA","9807","10694","315820","11694","11692","11694","315820","11694","314509","1967","311964","NA","New experiment","NA","no","yes","1680","NA","NA"
"NA","NA","right","yes","#646464","no","NA","right","NA","NA","legacy","NA","0","relative","0","0","79","79","79","NA","NA","0","0","79","0","0","0","79","0","79","0","79","NA","NA","Logs experimental data","NA","455","NA","no","mono","no","18","NA","white","1050","north_east","yes","NA","legacy","NA","south_west","NA","legacy","NA","NA","NA","0","NA","right","NA","space","space","right","998","NA","885","998","NA","NA","594","NA","NA","legacy","experiment","None","10","even","legacy","1","200","south_east","1966","1967","315856","316584","317771","NA","NA","9807","10694","318301","11694","11692","11694","318301","11694","316719","1967","315856","NA","New experiment","NA","no","yes","1680","NA","NA"
"NA","NA","left","yes","#646464","no","NA","left","NA","NA","legacy","NA","0","relative","0","0","80","80","80","NA","NA","0","0","80","0","0","0","80","0","80","0","80","NA","NA","Logs experimental data","NA","393","NA","no","mono","no","18","NA","white","1050","north_east","yes","NA","legacy","NA","south_west","NA","legacy","NA","NA","NA","0","NA","left","NA","space","space","left","998","NA","885","998","NA","NA","431","NA","NA","legacy","experiment","None","10","even","legacy","1","200","north_west","1966","1967","318337","319015","319987","NA","NA","9807","10694","320507","11694","11692","11694","320507","11694","319159","1967","318337","NA","New experiment","NA","no","yes","1680","NA","NA"
"NA","NA","left","yes","#646464","no","NA","left","NA","NA","legacy","NA","0","relative","0","0","81","81","81","NA","NA","0","0","81","0","0","0","81","0","81","0","81","NA","NA","Logs experimental data","NA","774","NA","no","mono","no","18","NA","white","1050","north_east","yes","NA","legacy","NA","south_west","NA","legacy","NA","NA","NA","0","NA","left","NA","space","space","left","998","NA","885","998","NA","NA","443","NA","NA","legacy","experiment","None","10","even","legacy","1","200","north_west","1966","1967","320544","321022","322379","NA","NA","9807","10694","322921","11694","11692","11694","322921","11694","321157","1967","320544","NA","New experiment","NA","no","yes","1680","NA","NA"
"NA","NA","right","yes","#646464","no","NA","right","NA","NA","legacy","NA","0","relative","0","0","82","82","82","NA","NA","0","0","82","0","0","0","82","0","82","0","82","NA","NA","Logs experimental data","NA","350","NA","no","mono","no","18","NA","white","1050","north_east","yes","NA","legacy","NA","south_west","NA","legacy","NA","NA","NA","0","NA","right","NA","space","space","right","998","NA","885","998","NA","NA","625","NA","NA","legacy","experiment","None","10","even","legacy","1","200","south_west","1966","1967","322957","323412","324522","NA","NA","9807","10694","325053","11694","11692","11694","325053","11694","323543","1967","322957","NA","New experiment","NA","no","yes","1680","NA","NA"
"NA","NA","left","yes","#646464","no","NA","left","NA","NA","legacy","NA","0","relative","0","0","83","83","83","NA","NA","0","0","83","0","0","0","83","0","83","0","83","NA","NA","Logs experimental data","NA","453","NA","no","mono","no","18","NA","white","1050","north_east","yes","NA","legacy","NA","south_west","NA","legacy","NA","NA","NA","0","NA","left","NA","space","space","left","998","NA","885","998","NA","NA","520","NA","NA","legacy","experiment","None","10","even","legacy","1","200","north_east","1966","1967","325089","325852","326962","NA","NA","9807","10694","327484","11694","11692","11694","327484","11694","325986","1967","325089","NA","New experiment","NA","no","yes","1680","NA","NA"
"NA","NA","right","yes","#646464","no","NA","right","NA","NA","legacy","NA","0","relative","0","0","84","84","84","NA","NA","0","0","84","0","0","0","84","0","84","0","84","NA","NA","Logs experimental data","NA","260","NA","no","mono","no","18","NA","white","1050","north_east","yes","NA","legacy","NA","south_west","NA","legacy","NA","NA","NA","0","NA","right","NA","space","space","right","998","NA","885","998","NA","NA","517","NA","NA","legacy","experiment","None","10","even","legacy","1","200","south_west","1966","1967","327520","327972","328883","NA","NA","9807","10694","329405","11694","11692","11694","329405","11694","328103","1967","327520","NA","New experiment","NA","no","yes","1680","NA","NA"
"NA","NA","right","yes","#646464","no","NA","right","NA","NA","legacy","NA","0","relative","0","0","85","85","85","NA","NA","0","0","85","0","0","0","85","0","85","0","85","NA","NA","Logs experimental data","NA","512","NA","no","mono","no","18","NA","white","1050","north_east","yes","NA","legacy","NA","south_west","NA","legacy","NA","NA","NA","0","NA","right","NA","space","space","right","998","NA","885","998","NA","NA","394","NA","NA","legacy","experiment","None","10","even","legacy","1","200","north_east","1966","1967","329441","329943","330987","NA","NA","9807","10694","331516","11694","11692","11694","331516","11694","330078","1967","329441","NA","New experiment","NA","no","yes","1680","NA","NA"
"NA","NA","right","yes","#646464","no","NA","right","NA","NA","legacy","NA","0","relative","0","0","86","86","86","NA","NA","0","0","86","0","0","0","86","0","86","0","86","NA","NA","Logs experimental data","NA","666","NA","no","mono","no","18","NA","white","1050","north_east","yes","NA","legacy","NA","south_west","NA","legacy","NA","NA","NA","0","NA","right","NA","space","space","right","998","NA","885","998","NA","NA","581","NA","NA","legacy","experiment","None","10","even","legacy","1","200","south_west","1966","1967","331553","332261","333643","NA","NA","9807","10694","334172","11694","11692","11694","334172","11694","332391","1967","331553","NA","New experiment","NA","no","yes","1680","NA","NA"
"NA","NA","right","yes","#646464","no","NA","right","NA","NA","legacy","NA","0","relative","0","0","87","87","87","NA","NA","0","0","87","0","0","0","87","0","87","0","87","NA","NA","Logs experimental data","NA","395","NA","no","mono","no","18","NA","white","1050","north_east","yes","NA","legacy","NA","south_west","NA","legacy","NA","NA","NA","0","NA","right","NA","space","space","right","998","NA","885","998","NA","NA","840","NA","NA","legacy","experiment","None","10","even","legacy","1","200","north_east","1966","1967","334208","335420","336795","NA","NA","9807","10694","337325","11694","11692","11694","337325","11694","335555","1967","334208","NA","New experiment","NA","no","yes","1680","NA","NA"
"NA","NA","left","yes","#646464","no","NA","left","NA","NA","legacy","NA","0","relative","0","0","88","88","88","NA","NA","0","0","88","0","0","0","88","0","88","0","88","NA","NA","Logs experimental data","NA","704","NA","no","mono","no","18","NA","white","1050","north_east","yes","NA","legacy","NA","south_west","NA","legacy","NA","NA","NA","0","NA","left","NA","space","space","left","998","NA","885","998","NA","NA","640","NA","NA","legacy","experiment","None","10","even","legacy","1","200","north_east","1966","1967","337361","339399","340882","NA","NA","9807","10694","341414","11694","11692","11694","341414","11694","339535","1967","337361","NA","New experiment","NA","no","yes","1680","NA","NA"
"NA","NA","right","yes","#646464","no","NA","right","NA","NA","legacy","NA","0","relative","0","0","89","89","89","NA","NA","0","0","89","0","0","0","89","0","89","0","89","NA","NA","Logs experimental data","NA","662","NA","no","mono","no","18","NA","white","1050","north_east","yes","NA","legacy","NA","south_west","NA","legacy","NA","NA","NA","0","NA","right","NA","space","space","right","998","NA","885","998","NA","NA","619","NA","NA","legacy","experiment","None","10","even","legacy","1","200","north_east","1966","1967","341450","341991","343410","NA","NA","9807","10694","343941","11694","11692","11694","343941","11694","342126","1967","341450","NA","New experiment","NA","no","yes","1680","NA","NA"
"NA","NA","left","yes","#646464","no","NA","left","NA","NA","legacy","NA","0","relative","0","0","90","90","90","NA","NA","0","0","90","0","0","0","90","0","90","0","90","NA","NA","Logs experimental data","NA","532","NA","no","mono","no","18","NA","white","1050","north_east","yes","NA","legacy","NA","south_west","NA","legacy","NA","NA","NA","0","NA","left","NA","space","space","left","998","NA","885","998","NA","NA","484","NA","NA","legacy","experiment","None","10","even","legacy","1","200","north_east","1966","1967","343978","344724","345874","NA","NA","9807","10694","346406","11694","11692","11694","346406","11694","344855","1967","343978","NA","New experiment","NA","no","yes","1680","NA","NA"
"NA","NA","left","yes","#646464","no","NA","left","NA","NA","legacy","NA","0","relative","0","0","91","91","91","NA","NA","0","0","91","0","0","0","91","0","91","0","91","NA","NA","Logs experimental data","NA","727","NA","no","mono","no","18","NA","white","1050","north_east","yes","NA","legacy","NA","south_west","NA","legacy","NA","NA","NA","0","NA","left","NA","space","space","left","998","NA","885","998","NA","NA","638","NA","NA","legacy","experiment","None","10","even","legacy","1","200","south_west","1966","1967","346442","347149","348651","NA","NA","9807","10694","349181","11694","11692","11694","349181","11694","347283","1967","346442","NA","New experiment","NA","no","yes","1680","NA","NA"
"NA","NA","right","yes","#646464","no","NA","right","NA","NA","legacy","NA","0","relative","0","0","92","92","92","NA","NA","0","0","92","0","0","0","92","0","92","0","92","NA","NA","Logs experimental data","NA","745","NA","no","mono","no","18","NA","white","1050","north_east","yes","NA","legacy","NA","south_west","NA","legacy","NA","NA","NA","0","NA","right","NA","space","space","right","998","NA","885","998","NA","NA","848","NA","NA","legacy","experiment","None","10","even","legacy","1","200","north_east","1966","1967","349217","349745","351475","NA","NA","9807","10694","352005","11694","11692","11694","352005","11694","349878","1967","349217","NA","New experiment","NA","no","yes","1680","NA","NA"
"NA","NA","left","yes","#646464","no","NA","left","NA","NA","legacy","NA","0","relative","0","0","93","93","93","NA","NA","0","0","93","0","0","0","93","0","93","0","93","NA","NA","Logs experimental data","NA","736","NA","no","mono","no","18","NA","white","1050","north_east","yes","NA","legacy","NA","south_west","NA","legacy","NA","NA","NA","0","NA","left","NA","space","space","left","998","NA","885","998","NA","NA","674","NA","NA","legacy","experiment","None","10","even","legacy","1","200","south_west","1966","1967","352041","354663","356210","NA","NA","9807","10694","356742","11694","11692","11694","356742","11694","354796","1967","352041","NA","New experiment","NA","no","yes","1680","NA","NA"
"NA","NA","right","yes","#646464","no","NA","right","NA","NA","legacy","NA","0","relative","0","0","94","94","94","NA","NA","0","0","94","0","0","0","94","0","94","0","94","NA","NA","Logs experimental data","NA","417","NA","no","mono","no","18","NA","white","1050","north_east","yes","NA","legacy","NA","south_west","NA","legacy","NA","NA","NA","0","NA","right","NA","space","space","right","998","NA","885","998","NA","NA","512","NA","NA","legacy","experiment","None","10","even","legacy","1","200","south_west","1966","1967","356778","358215","359282","NA","NA","9807","10694","359814","11694","11692","11694","359814","11694","358349","1967","356778","NA","New experiment","NA","no","yes","1680","NA","NA"
"NA","NA","right","yes","#646464","no","NA","right","NA","NA","legacy","NA","0","relative","0","0","95","95","95","NA","NA","0","0","95","0","0","0","95","0","95","0","95","NA","NA","Logs experimental data","NA","292","NA","no","mono","no","18","NA","white","1050","north_east","yes","NA","legacy","NA","south_west","NA","legacy","NA","NA","NA","0","NA","right","NA","space","space","right","998","NA","885","998","NA","NA","478","NA","NA","legacy","experiment","None","10","even","legacy","1","200","south_west","1966","1967","359850","361223","362130","NA","NA","9807","10694","362661","11694","11692","11694","362661","11694","361357","1967","359850","NA","New experiment","NA","no","yes","1680","NA","NA"
"NA","NA","right","yes","#646464","no","NA","right","NA","NA","legacy","NA","0","relative","0","0","96","96","96","NA","NA","0","0","96","0","0","0","96","0","96","0","96","NA","NA","Logs experimental data","NA","651","NA","no","mono","no","18","NA","white","1050","north_east","yes","NA","legacy","NA","south_west","NA","legacy","NA","NA","NA","0","NA","right","NA","space","space","right","998","NA","885","998","NA","NA","485","NA","NA","legacy","experiment","None","10","even","legacy","1","200","north_east","1966","1967","362697","363573","364843","NA","NA","9807","10694","365373","11694","11692","11694","365373","11694","363704","1967","362696","NA","New experiment","NA","no","yes","1680","NA","NA"
"NA","NA","right","yes","#646464","no","NA","right","NA","NA","legacy","NA","0","relative","0","0","97","97","97","NA","NA","0","0","97","0","0","0","97","0","97","0","97","NA","NA","Logs experimental data","NA","597","NA","no","mono","no","18","NA","white","1050","north_east","yes","NA","legacy","NA","south_west","NA","legacy","NA","NA","NA","0","NA","right","NA","space","space","right","998","NA","885","998","NA","NA","468","NA","NA","legacy","experiment","None","10","even","legacy","1","200","north_west","1966","1967","365408","366013","367219","NA","NA","9807","10694","367741","11694","11692","11694","367741","11694","366149","1967","365408","NA","New experiment","NA","no","yes","1680","NA","NA"
"NA","NA","left","yes","#646464","no","NA","left","NA","NA","legacy","NA","0","relative","0","0","98","98","98","NA","NA","0","0","98","0","0","0","98","0","98","0","98","NA","NA","Logs experimental data","NA","563","NA","no","mono","no","18","NA","white","1050","north_east","yes","NA","legacy","NA","south_west","NA","legacy","NA","NA","NA","0","NA","left","NA","space","space","left","998","NA","885","998","NA","NA","530","NA","NA","legacy","experiment","None","10","even","legacy","1","200","north_east","1966","1967","367777","368555","369787","NA","NA","9807","10694","370317","11694","11692","11694","370317","11694","368690","1967","367777","NA","New experiment","NA","no","yes","1680","NA","NA"
"NA","NA","left","yes","#646464","no","NA","left","NA","NA","legacy","NA","0","relative","0","0","99","99","99","NA","NA","0","0","99","0","0","0","99","0","99","0","99","NA","NA","Logs experimental data","NA","426","NA","no","mono","no","18","NA","white","1050","north_east","yes","NA","legacy","NA","south_west","NA","legacy","NA","NA","NA","0","NA","left","NA","space","space","left","998","NA","885","998","NA","NA","450","NA","NA","legacy","experiment","None","10","even","legacy","1","200","south_west","1966","1967","370353","371309","372322","NA","NA","9807","10694","372845","11694","11692","11694","372845","11694","371443","1967","370352","NA","New experiment","NA","no","yes","1680","NA","NA"
"NA","NA","right","yes","#646464","no","NA","right","NA","NA","legacy","NA","0","relative","0","0","100","100","100","NA","NA","0","0","100","0","0","0","100","0","100","0","100","NA","NA","Logs experimental data","NA","355","NA","no","mono","no","18","NA","white","1050","north_east","yes","NA","legacy","NA","south_west","NA","legacy","NA","NA","NA","0","NA","right","NA","space","space","right","998","NA","885","998","NA","NA","436","NA","NA","legacy","experiment","None","10","even","legacy","1","200","south_west","1966","1967","372881","373509","374434","NA","NA","9807","10694","374965","11694","11692","11694","374965","11694","373639","1967","372880","NA","New experiment","NA","no","yes","1680","NA","NA"
"NA","NA","left","yes","#646464","no","NA","left","NA","NA","legacy","NA","0","relative","0","0","101","101","101","NA","NA","0","0","101","0","0","0","101","0","101","0","101","NA","NA","Logs experimental data","NA","701","NA","no","mono","no","18","NA","white","1050","north_east","yes","NA","legacy","NA","south_west","NA","legacy","NA","NA","NA","0","NA","left","NA","space","space","left","998","NA","885","998","NA","NA","373","NA","NA","legacy","experiment","None","10","even","legacy","1","200","south_west","1966","1967","375001","375752","376962","NA","NA","9807","10694","377483","11694","11692","11694","377483","11694","375884","1967","375001","NA","New experiment","NA","no","yes","1680","NA","NA"
"NA","NA","left","yes","#646464","no","NA","left","NA","NA","legacy","NA","0","relative","0","0","102","102","102","NA","NA","0","0","102","0","0","0","102","0","102","0","102","NA","NA","Logs experimental data","NA","691","NA","no","mono","no","18","NA","white","1050","north_east","yes","NA","legacy","NA","south_west","NA","legacy","NA","NA","NA","0","NA","left","NA","space","space","left","998","NA","885","998","NA","NA","500","NA","NA","legacy","experiment","None","10","even","legacy","1","200","south_west","1966","1967","377519","378147","379474","NA","NA","9807","10694","379997","11694","11692","11694","379997","11694","378279","1967","377518","NA","New experiment","NA","no","yes","1680","NA","NA"
"NA","NA","left","yes","#646464","no","NA","left","NA","NA","legacy","NA","0","relative","0","0","103","103","103","NA","NA","0","0","103","0","0","0","103","0","103","0","103","NA","NA","Logs experimental data","NA","210","NA","no","mono","no","18","NA","white","1050","north_east","yes","NA","legacy","NA","south_west","NA","legacy","NA","NA","NA","0","NA","right","NA","space","space","right","998","NA","885","998","NA","NA","902","NA","NA","legacy","experiment","None","10","even","legacy","0","200","north_west","1966","1967","380034","380712","381972","NA","NA","9807","10694","382493","11694","11692","11694","382493","11694","380855","1967","380034","NA","New experiment","NA","no","yes","1680","NA","NA"
"NA","NA","left","yes","#646464","no","NA","left","NA","NA","legacy","NA","0","relative","0","0","104","104","104","NA","NA","0","0","104","0","0","0","104","0","104","0","104","NA","NA","Logs experimental data","NA","532","NA","no","mono","no","18","NA","white","1050","north_east","yes","NA","legacy","NA","south_west","NA","legacy","NA","NA","NA","0","NA","left","NA","space","space","left","998","NA","885","998","NA","NA","521","NA","NA","legacy","experiment","None","10","even","legacy","1","200","north_east","1966","1967","382528","383292","384483","NA","NA","9807","10694","385013","11694","11692","11694","385013","11694","383425","1967","382528","NA","New experiment","NA","no","yes","1680","NA","NA"
"NA","NA","left","yes","#646464","no","NA","left","NA","NA","legacy","NA","0","relative","0","0","105","105","105","NA","NA","0","0","105","0","0","0","105","0","105","0","105","NA","NA","Logs experimental data","NA","725","NA","no","mono","no","18","NA","white","1050","north_east","yes","NA","legacy","NA","south_west","NA","legacy","NA","NA","NA","0","NA","left","NA","space","space","left","998","NA","885","998","NA","NA","501","NA","NA","legacy","experiment","None","10","even","legacy","1","200","south_east","1966","1967","385048","385725","387090","NA","NA","9807","10694","387628","11694","11692","11694","387628","11694","385859","1967","385048","NA","New experiment","NA","no","yes","1680","NA","NA"
"NA","NA","left","yes","#646464","no","NA","left","NA","NA","legacy","NA","0","relative","0","0","106","106","106","NA","NA","0","0","106","0","0","0","106","0","106","0","106","NA","NA","Logs experimental data","NA","757","NA","no","mono","no","18","NA","white","1050","north_east","yes","NA","legacy","NA","south_west","NA","legacy","NA","NA","NA","0","NA","left","NA","space","space","left","998","NA","885","998","NA","NA","570","NA","NA","legacy","experiment","None","10","even","legacy","1","200","south_west","1966","1967","387663","389144","390610","NA","NA","9807","10694","391133","11694","11692","11694","391133","11694","389279","1967","387663","NA","New experiment","NA","no","yes","1680","NA","NA"
"NA","NA","right","yes","#646464","no","NA","right","NA","NA","legacy","NA","0","relative","0","0","107","107","107","NA","NA","0","0","107","0","0","0","107","0","107","0","107","NA","NA","Logs experimental data","NA","323","NA","no","mono","no","18","NA","white","1050","north_east","yes","NA","legacy","NA","south_west","NA","legacy","NA","NA","NA","0","NA","right","NA","space","space","right","998","NA","885","998","NA","NA","582","NA","NA","legacy","experiment","None","10","even","legacy","1","200","north_east","1966","1967","391168","392024","393066","NA","NA","9807","10694","393597","11694","11692","11694","393597","11694","392157","1967","391168","NA","New experiment","NA","no","yes","1680","NA","NA"
"NA","NA","right","yes","#646464","no","NA","right","NA","NA","legacy","NA","0","relative","0","0","108","108","108","NA","NA","0","0","108","0","0","0","108","0","108","0","108","NA","NA","Logs experimental data","NA","264","NA","no","mono","no","18","NA","white","1050","north_east","yes","NA","legacy","NA","south_west","NA","legacy","NA","NA","NA","0","NA","right","NA","space","space","right","998","NA","885","998","NA","NA","760","NA","NA","legacy","experiment","None","10","even","legacy","1","200","north_west","1966","1967","393632","394296","395458","NA","NA","9807","10694","395989","11694","11692","11694","395989","11694","394430","1967","393632","NA","New experiment","NA","no","yes","1680","NA","NA"
"NA","NA","left","yes","#646464","no","NA","left","NA","NA","legacy","NA","0","relative","0","0","109","109","109","NA","NA","0","0","109","0","0","0","109","0","109","0","109","NA","NA","Logs experimental data","NA","611","NA","no","mono","no","18","NA","white","1050","north_east","yes","NA","legacy","NA","south_west","NA","legacy","NA","NA","NA","0","NA","left","NA","space","space","left","998","NA","885","998","NA","NA","661","NA","NA","legacy","experiment","None","10","even","legacy","1","200","south_east","1966","1967","396026","396584","397994","NA","NA","9807","10694","398526","11694","11692","11694","398526","11694","396718","1967","396026","NA","New experiment","NA","no","yes","1680","NA","NA"
"NA","NA","right","yes","#646464","no","NA","right","NA","NA","legacy","NA","0","relative","0","0","110","110","110","NA","NA","0","0","110","0","0","0","110","0","110","0","110","NA","NA","Logs experimental data","NA","386","NA","no","mono","no","18","NA","white","1050","north_east","yes","NA","legacy","NA","south_west","NA","legacy","NA","NA","NA","0","NA","right","NA","space","space","right","998","NA","885","998","NA","NA","389","NA","NA","legacy","experiment","None","10","even","legacy","1","200","north_west","1966","1967","398561","399144","400059","NA","NA","9807","10694","400590","11694","11692","11694","400590","11694","399279","1967","398561","NA","New experiment","NA","no","yes","1680","NA","NA"
"NA","NA","right","yes","#646464","no","NA","right","NA","NA","legacy","NA","0","relative","0","0","111","111","111","NA","NA","0","0","111","0","0","0","111","0","111","0","111","NA","NA","Logs experimental data","NA","547","NA","no","mono","no","18","NA","white","1050","north_east","yes","NA","legacy","NA","south_west","NA","legacy","NA","NA","NA","0","NA","right","NA","space","space","right","998","NA","885","998","NA","NA","388","NA","NA","legacy","experiment","None","10","even","legacy","1","200","north_west","1966","1967","400625","401337","402410","NA","NA","9807","10694","402941","11694","11692","11694","402941","11694","401471","1967","400625","NA","New experiment","NA","no","yes","1680","NA","NA"
"NA","NA","left","yes","#646464","no","NA","left","NA","NA","legacy","NA","0","relative","0","0","112","112","112","NA","NA","0","0","112","0","0","0","112","0","112","0","112","NA","NA","Logs experimental data","NA","634","NA","no","mono","no","18","NA","white","1050","north_east","yes","NA","legacy","NA","south_west","NA","legacy","NA","NA","NA","0","NA","left","NA","space","space","left","998","NA","885","998","NA","NA","605","NA","NA","legacy","experiment","None","10","even","legacy","1","200","north_west","1966","1967","402976","403589","404962","NA","NA","9807","10694","405494","11694","11692","11694","405494","11694","403719","1967","402976","NA","New experiment","NA","no","yes","1680","NA","NA"
"NA","NA","right","yes","#646464","no","NA","right","NA","NA","legacy","NA","0","relative","0","0","113","113","113","NA","NA","0","0","113","0","0","0","113","0","113","0","113","NA","NA","Logs experimental data","NA","514","NA","no","mono","no","18","NA","white","1050","north_east","yes","NA","legacy","NA","south_west","NA","legacy","NA","NA","NA","0","NA","right","NA","space","space","right","998","NA","885","998","NA","NA","398","NA","NA","legacy","experiment","None","10","even","legacy","1","200","north_west","1966","1967","405529","406057","407106","NA","NA","9807","10694","407628","11694","11692","11694","407628","11694","406191","1967","405529","NA","New experiment","NA","no","yes","1680","NA","NA"
"NA","NA","left","yes","#646464","no","NA","left","NA","NA","legacy","NA","0","relative","0","0","114","114","114","NA","NA","0","0","114","0","0","0","114","0","114","0","114","NA","NA","Logs experimental data","NA","539","NA","no","mono","no","18","NA","white","1050","north_east","yes","NA","legacy","NA","south_west","NA","legacy","NA","NA","NA","0","NA","left","NA","space","space","left","998","NA","885","998","NA","NA","653","NA","NA","legacy","experiment","None","10","even","legacy","1","200","south_east","1966","1967","407665","408440","409770","NA","NA","9807","10694","410301","11694","11692","11694","410301","11694","408574","1967","407664","NA","New experiment","NA","no","yes","1680","NA","NA"
"NA","NA","right","yes","#646464","no","NA","right","NA","NA","legacy","NA","0","relative","0","0","115","115","115","NA","NA","0","0","115","0","0","0","115","0","115","0","115","NA","NA","Logs experimental data","NA","710","NA","no","mono","no","18","NA","white","1050","north_east","yes","NA","legacy","NA","south_west","NA","legacy","NA","NA","NA","0","NA","right","NA","space","space","right","998","NA","885","998","NA","NA","457","NA","NA","legacy","experiment","None","10","even","legacy","1","200","south_east","1966","1967","410336","410809","412114","NA","NA","9807","10694","412638","11694","11692","11694","412638","11694","410944","1967","410336","NA","New experiment","NA","no","yes","1680","NA","NA"
"NA","NA","right","yes","#646464","no","NA","right","NA","NA","legacy","NA","0","relative","0","0","116","116","116","NA","NA","0","0","116","0","0","0","116","0","116","0","116","NA","NA","Logs experimental data","NA","622","NA","no","mono","no","18","NA","white","1050","north_east","yes","NA","legacy","NA","south_west","NA","legacy","NA","NA","NA","0","NA","right","NA","space","space","right","998","NA","885","998","NA","NA","471","NA","NA","legacy","experiment","None","10","even","legacy","1","200","south_west","1966","1967","412675","413284","414514","NA","NA","9807","10694","415037","11694","11692","11694","415037","11694","413417","1967","412674","NA","New experiment","NA","no","yes","1680","NA","NA"
"NA","NA","left","yes","#646464","no","NA","left","NA","NA","legacy","NA","0","relative","0","0","117","117","117","NA","NA","0","0","117","0","0","0","117","0","117","0","117","NA","NA","Logs experimental data","NA","772","NA","no","mono","no","18","NA","white","1050","north_east","yes","NA","legacy","NA","south_west","NA","legacy","NA","NA","NA","0","NA","left","NA","space","space","left","998","NA","885","998","NA","NA","419","NA","NA","legacy","experiment","None","10","even","legacy","1","200","north_east","1966","1967","415074","415476","416803","NA","NA","9807","10694","417326","11694","11692","11694","417326","11694","415608","1967","415073","NA","New experiment","NA","no","yes","1680","NA","NA"
"NA","NA","right","yes","#646464","no","NA","right","NA","NA","legacy","NA","0","relative","0","0","118","118","118","NA","NA","0","0","118","0","0","0","118","0","118","0","118","NA","NA","Logs experimental data","NA","677","NA","no","mono","no","18","NA","white","1050","north_east","yes","NA","legacy","NA","south_west","NA","legacy","NA","NA","NA","0","NA","right","NA","space","space","right","998","NA","885","998","NA","NA","482","NA","NA","legacy","experiment","None","10","even","legacy","1","200","south_east","1966","1967","417361","417801","419099","NA","NA","9807","10694","419629","11694","11692","11694","419629","11694","417934","1967","417361","NA","New experiment","NA","no","yes","1680","NA","NA"
"NA","NA","right","yes","#646464","no","NA","right","NA","NA","legacy","NA","0","relative","0","0","119","119","119","NA","NA","0","0","119","0","0","0","119","0","119","0","119","NA","NA","Logs experimental data","NA","790","NA","no","mono","no","18","NA","white","1050","north_east","yes","NA","legacy","NA","south_west","NA","legacy","NA","NA","NA","0","NA","right","NA","space","space","right","998","NA","885","998","NA","NA","469","NA","NA","legacy","experiment","None","10","even","legacy","1","200","north_west","1966","1967","419665","420173","421570","NA","NA","9807","10694","422094","11694","11692","11694","422094","11694","420307","1967","419665","NA","New experiment","NA","no","yes","1680","NA","NA"
